time,temp1,temp2,temp3,zone1,zone2,zone3,alert,status,temp_change,trend
6000,25,35,45,25,25,25,0,0,0,1
16000,25,35,45,25,25,25,0,0,0,1
26000,26,37,48,25,35,45,0,0,0,1
36000,27,39,51,26,37,48,0,0,20,0
46000,28,41,54,27,39,51,0,0,3,0
56000,29,43,57,28,41,54,0,0,3,0
66000,30,45,60,29,43,57,0,0,3,0
76000,31,47,63,30,45,60,0,0,3,0
86000,32,49,66,31,47,63,0,1,3,0
96000,33,51,69,32,49,66,0,1,3,0
106000,34,53,72,33,51,69,0,1,3,0
116000,35,55,75,34,53,72,0,1,3,0
126000,36,57,78,35,55,75,0,1,3,0
136000,37,59,81,36,57,78,0,2,3,0
146000,38,61,84,37,59,81,1,2,3,0
156000,39,63,87,38,61,84,1,2,3,0
166000,40,65,90,39,63,87,1,2,3,0
176000,41,67,93,40,65,90,1,2,3,0
186000,42,69,96,41,67,93,1,2,3,0
196000,43,71,99,42,69,96,1,2,3,0
206000,44,73,102,43,71,99,1,2,3,0
216000,45,75,105,44,73,102,1,2,3,0
226000,46,77,108,45,75,105,1,2,3,0
236000,47,79,111,46,77,108,1,2,3,0
246000,48,81,114,47,79,111,1,2,3,0
256000,49,83,117,48,81,114,1,2,3,0
266000,50,85,120,49,83,117,1,2,3,0
276000,51,87,123,50,85,120,1,2,3,0
286000,52,89,126,51,87,123,1,2,3,0
296000,53,91,129,52,89,126,1,2,3,0
306000,54,93,132,53,91,129,1,2,3,0
316000,55,95,135,54,93,132,1,2,3,0
326000,56,97,138,55,95,135,1,2,3,0
336000,57,99,141,56,97,138,1,2,3,0
346000,58,101,144,57,99,141,1,2,3,0
356000,59,103,147,58,101,144,1,2,3,0
366000,60,105,150,59,103,147,1,2,3,0
376000,61,107,153,60,105,150,1,2,3,0
386000,62,109,156,61,107,153,1,2,3,0
396000,63,111,159,62,109,156,1,2,3,0
406000,64,113,162,63,111,159,1,2,3,0
416000,65,115,165,64,113,162,1,2,3,0
426000,66,117,168,65,115,165,1,2,3,0
436000,67,119,171,66,117,168,1,2,3,0
446000,68,121,174,67,119,171,1,2,3,0
456000,69,123,177,68,121,174,1,2,3,0
466000,70,125,180,69,123,177,1,2,3,0
476000,71,127,183,70,125,180,1,2,3,0
486000,72,129,186,71,127,183,1,2,3,0
496000,73,131,189,72,129,186,1,2,3,0
506000,74,133,192,73,131,189,1,2,3,0
516000,75,135,195,74,133,192,1,2,3,0
526000,76,137,198,75,135,195,1,2,3,0
536000,77,139,201,76,137,198,1,2,3,0
546000,78,141,204,77,139,201,1,2,3,0
556000,79,143,207,78,141,204,1,2,3,0
566000,80,145,210,79,143,207,1,2,3,0
576000,81,147,213,80,145,210,1,2,3,0
586000,82,149,216,81,147,213,1,2,3,0
596000,83,151,219,82,149,216,1,2,3,0
606000,84,153,222,83,151,219,1,2,3,0
616000,85,155,225,84,153,222,1,2,3,0
626000,86,157,228,85,155,225,1,2,3,0
636000,87,159,231,86,157,228,1,2,3,0
646000,88,161,234,87,159,231,1,2,3,0
656000,89,163,237,88,161,234,1,2,3,0
666000,90,165,240,89,163,237,1,2,3,0
676000,91,167,243,90,165,240,1,2,3,0
686000,92,169,246,91,167,243,1,2,3,0
696000,93,171,249,92,169,246,1,2,3,0
706000,94,173,252,93,171,249,1,2,3,0
716000,95,175,255,94,173,252,1,2,3,0
726000,96,177,255,95,175,255,1,2,3,0
736000,97,179,255,96,177,255,1,2,3,0
746000,98,181,255,97,179,255,1,2,0,1
