current_temp,previous_temp,temp_change,thermal_status,trend,future_temp,hotspot
81,76,5,2,0,85,1
90,91,-1,2,2,93,1
53,56,-3,0,2,55,0
82,86,-4,2,2,86,1
59,59,0,0,1,57,0
93,94,-1,2,2,90,1
87,87,0,2,1,95,1
78,73,5,2,0,85,1
71,74,-3,1,2,79,1
84,86,-2,2,2,89,1
32,33,-1,0,2,31,0
36,37,-1,0,2,41,0
68,72,-4,1,2,68,0
89,93,-4,2,2,95,1
38,34,4,0,0,39,0
31,33,-2,0,2,39,0
89,88,1,2,0,97,1
37,40,-3,0,2,34,0
65,69,-4,1,2,69,0
33,37,-4,0,2,35,0
83,79,4,2,0,83,1
83,87,-4,2,2,89,1
73,77,-4,1,2,79,1
91,93,-2,2,2,95,1
91,89,2,2,0,92,1
82,80,2,2,0,88,1
89,86,3,2,0,86,1
100,97,3,2,0,104,1
30,28,2,0,0,34,0
92,87,5,2,0,91,1
37,40,-3,0,2,36,0
62,57,5,1,0,63,0
70,69,1,1,0,75,0
41,45,-4,0,2,38,0
77,76,1,2,0,80,1
91,89,2,2,0,92,1
73,71,2,1,0,75,0
64,69,-5,1,2,63,0
76,79,-3,2,2,73,0
34,30,4,0,0,37,0
43,42,1,0,0,50,0
38,34,4,0,0,44,0
80,79,1,2,0,77,1
81,83,-2,2,2,82,1
52,51,1,0,0,59,0
58,60,-2,0,2,61,0
88,91,-3,2,2,90,1
57,61,-4,0,2,63,0
74,71,3,1,0,75,0
35,37,-2,0,2,42,0
91,96,-5,2,2,88,1
56,53,3,0,0,56,0
32,31,1,0,0,34,0
56,53,3,0,0,57,0
80,76,4,2,0,88,1
53,48,5,0,0,55,0
61,59,2,1,0,66,0
81,86,-5,2,2,78,1
87,89,-2,2,2,95,1
68,72,-4,1,2,67,0
85,90,-5,2,2,92,1
31,35,-4,0,2,39,0
83,82,1,2,0,84,1
30,33,-3,0,2,28,0
82,78,4,2,0,84,1
61,60,1,1,0,61,0
84,79,5,2,0,88,1
46,46,0,0,1,50,0
98,100,-2,2,2,96,1
99,99,0,2,1,106,1
45,50,-5,0,2,50,0
88,88,0,2,1,87,1
49,44,5,0,0,49,0
48,44,4,0,0,47,0
48,50,-2,0,2,51,0
81,78,3,2,0,78,1
69,68,1,1,0,67,0
30,25,5,0,0,38,0
86,83,3,2,0,84,1
52,48,4,0,0,51,0
36,32,4,0,0,41,0
89,94,-5,2,2,87,1
30,31,-1,0,2,31,0
61,56,5,1,0,64,0
38,35,3,0,0,37,0
48,51,-3,0,2,48,0
53,53,0,0,1,57,0
62,60,2,1,0,62,0
65,65,0,1,1,69,0
54,58,-4,0,2,52,0
95,95,0,2,1,94,1
90,87,3,2,0,90,1
62,64,-2,1,2,59,0
43,44,-1,0,2,43,0
37,36,1,0,0,36,0
46,51,-5,0,2,54,0
88,91,-3,2,2,90,1
51,51,0,0,1,53,0
80,80,0,2,1,84,1
56,51,5,0,0,54,0
50,55,-5,0,2,58,0
93,98,-5,2,2,94,1
90,93,-3,2,2,90,1
64,69,-5,1,2,61,0
73,74,-1,1,2,75,0
66,64,2,1,0,63,0
75,76,-1,1,2,74,0
89,94,-5,2,2,89,1
92,93,-1,2,2,95,1
62,65,-3,1,2,60,0
54,50,4,0,0,56,0
87,90,-3,2,2,91,1
75,73,2,1,0,73,0
61,61,0,1,1,64,0
95,90,5,2,0,101,1
31,27,4,0,0,28,0
62,59,3,1,0,69,0
77,76,1,2,0,83,1
55,58,-3,0,2,53,0
54,52,2,0,0,62,0
36,33,3,0,0,36,0
74,76,-2,1,2,71,0
37,40,-3,0,2,40,0
44,48,-4,0,2,42,0
61,60,1,1,0,63,0
80,77,3,2,0,86,1
92,92,0,2,1,98,1
87,87,0,2,1,84,1
81,77,4,2,0,83,1
44,44,0,0,1,51,0
89,90,-1,2,2,86,1
37,38,-1,0,2,45,0
34,33,1,0,0,34,0
35,37,-2,0,2,34,0
84,82,2,2,0,84,1
45,49,-4,0,2,53,0
59,62,-3,0,2,56,0
92,95,-3,2,2,100,1
87,86,1,2,0,93,1
91,90,1,2,0,96,1
41,42,-1,0,2,38,0
87,83,4,2,0,84,1
63,63,0,1,1,68,0
30,29,1,0,0,31,0
51,50,1,0,0,50,0
55,58,-3,0,2,56,0
86,87,-1,2,2,83,1
91,93,-2,2,2,92,1
45,41,4,0,0,51,0
77,78,-1,2,2,80,1
62,63,-1,1,2,65,0
39,39,0,0,1,40,0
63,65,-2,1,2,69,0
48,44,4,0,0,45,0
98,100,-2,2,2,102,1
31,36,-5,0,2,39,0
61,56,5,1,0,61,0
53,57,-4,0,2,52,0
62,67,-5,1,2,61,0
72,73,-1,1,2,80,1
96,101,-5,2,2,93,1
69,65,4,1,0,76,1
73,77,-4,1,2,72,0
64,63,1,1,0,61,0
37,33,4,0,0,43,0
63,66,-3,1,2,68,0
36,38,-2,0,2,42,0
58,56,2,0,0,58,0
50,47,3,0,0,50,0
39,40,-1,0,2,44,0
53,56,-3,0,2,50,0
65,69,-4,1,2,62,0
53,52,1,0,0,54,0
41,46,-5,0,2,44,0
42,41,1,0,0,47,0
59,64,-5,0,2,56,0
91,93,-2,2,2,96,1
42,37,5,0,0,41,0
78,80,-2,2,2,86,1
90,87,3,2,0,89,1
38,37,1,0,0,46,0
81,84,-3,2,2,87,1
45,46,-1,0,2,46,0
41,38,3,0,0,41,0
82,81,1,2,0,87,1
68,69,-1,1,2,74,0
87,86,1,2,0,93,1
34,37,-3,0,2,37,0
47,44,3,0,0,53,0
87,92,-5,2,2,89,1
36,34,2,0,0,42,0
38,42,-4,0,2,45,0
95,96,-1,2,2,96,1
67,70,-3,1,2,71,0
94,94,0,2,1,94,1
46,45,1,0,0,51,0
74,76,-2,1,2,74,0
99,102,-3,2,2,107,1
83,82,1,2,0,90,1
48,47,1,0,0,47,0
74,78,-4,1,2,82,1
87,89,-2,2,2,95,1
90,87,3,2,0,93,1
30,33,-3,0,2,38,0
91,88,3,2,0,99,1
54,52,2,0,0,51,0
67,68,-1,1,2,69,0
87,88,-1,2,2,89,1
65,68,-3,1,2,64,0
49,46,3,0,0,47,0
76,73,3,2,0,73,0
43,48,-5,0,2,44,0
83,83,0,2,1,82,1
45,44,1,0,0,50,0
41,37,4,0,0,45,0
53,54,-1,0,2,57,0
65,61,4,1,0,69,0
87,91,-4,2,2,95,1
70,72,-2,1,2,77,1
92,97,-5,2,2,97,1
62,63,-1,1,2,62,0
58,61,-3,0,2,60,0
98,95,3,2,0,96,1
39,37,2,0,0,37,0
34,33,1,0,0,38,0
62,62,0,1,1,59,0
47,52,-5,0,2,54,0
55,52,3,0,0,57,0
88,83,5,2,0,85,1
62,66,-4,1,2,67,0
30,31,-1,0,2,33,0
35,40,-5,0,2,36,0
34,34,0,0,1,33,0
82,81,1,2,0,83,1
82,83,-1,2,2,88,1
46,47,-1,0,2,51,0
30,33,-3,0,2,30,0
91,96,-5,2,2,88,1
61,65,-4,1,2,69,0
68,64,4,1,0,74,0
63,63,0,1,1,65,0
32,27,5,0,0,30,0
41,46,-5,0,2,43,0
34,29,5,0,0,39,0
46,45,1,0,0,47,0
43,47,-4,0,2,50,0
80,79,1,2,0,82,1
93,97,-4,2,2,95,1
79,83,-4,2,2,77,1
59,54,5,0,0,58,0
92,96,-4,2,2,92,1
67,72,-5,1,2,71,0
59,58,1,0,0,65,0
80,85,-5,2,2,81,1
58,60,-2,0,2,64,0
85,90,-5,2,2,91,1
46,48,-2,0,2,50,0
98,102,-4,2,2,100,1
82,86,-4,2,2,89,1
72,67,5,1,0,71,0
52,51,1,0,0,59,0
45,43,2,0,0,45,0
33,31,2,0,0,38,0
96,99,-3,2,2,103,1
61,65,-4,1,2,67,0
80,83,-3,2,2,81,1
34,38,-4,0,2,42,0
71,71,0,1,1,72,0
99,104,-5,2,2,100,1
41,37,4,0,0,39,0
78,74,4,2,0,85,1
55,52,3,0,0,60,0
85,80,5,2,0,82,1
55,57,-2,0,2,52,0
37,42,-5,0,2,36,0
81,79,2,2,0,83,1
43,39,4,0,0,51,0
31,27,4,0,0,38,0
85,88,-3,2,2,88,1
32,31,1,0,0,39,0
47,43,4,0,0,49,0
44,41,3,0,0,47,0
57,53,4,0,0,60,0
86,91,-5,2,2,89,1
73,70,3,1,0,70,0
42,44,-2,0,2,47,0
97,93,4,2,0,96,1
47,49,-2,0,2,49,0
63,61,2,1,0,67,0
71,68,3,1,0,72,0
35,37,-2,0,2,41,0
93,97,-4,2,2,100,1
85,80,5,2,0,87,1
62,63,-1,1,2,64,0
50,50,0,0,1,52,0
33,28,5,0,0,37,0
84,81,3,2,0,87,1
32,35,-3,0,2,36,0
65,63,2,1,0,67,0
95,97,-2,2,2,103,1
33,33,0,0,1,35,0
80,77,3,2,0,78,1
37,33,4,0,0,36,0
74,75,-1,1,2,76,1
55,55,0,0,1,55,0
48,50,-2,0,2,45,0
49,54,-5,0,2,57,0
76,81,-5,2,2,82,1
43,43,0,0,1,44,0
40,42,-2,0,2,47,0
32,37,-5,0,2,34,0
79,77,2,2,0,85,1
34,33,1,0,0,40,0
73,77,-4,1,2,77,1
31,33,-2,0,2,28,0
92,93,-1,2,2,97,1
46,43,3,0,0,53,0
44,42,2,0,0,46,0
64,69,-5,1,2,65,0
91,95,-4,2,2,92,1
38,42,-4,0,2,46,0
64,69,-5,1,2,68,0
93,93,0,2,1,101,1
93,91,2,2,0,100,1
43,46,-3,0,2,44,0
66,67,-1,1,2,65,0
55,57,-2,0,2,60,0
71,68,3,1,0,69,0
69,67,2,1,0,72,0
43,46,-3,0,2,45,0
52,57,-5,0,2,57,0
46,51,-5,0,2,49,0
95,96,-1,2,2,99,1
80,79,1,2,0,79,1
99,99,0,2,1,98,1
36,39,-3,0,2,40,0
71,73,-2,1,2,68,0
56,58,-2,0,2,58,0
86,91,-5,2,2,87,1
56,55,1,0,0,53,0
97,97,0,2,1,95,1
39,40,-1,0,2,46,0
67,69,-2,1,2,71,0
81,79,2,2,0,85,1
34,36,-2,0,2,42,0
74,78,-4,1,2,81,1
65,67,-2,1,2,71,0
72,67,5,1,0,73,0
49,44,5,0,0,55,0
67,67,0,1,1,71,0
52,48,4,0,0,59,0
41,37,4,0,0,45,0
91,95,-4,2,2,96,1
89,84,5,2,0,97,1
97,98,-1,2,2,101,1
66,64,2,1,0,72,0
60,56,4,0,0,65,0
80,78,2,2,0,85,1
40,39,1,0,0,37,0
75,76,-1,1,2,76,1
65,65,0,1,1,68,0
86,91,-5,2,2,88,1
84,87,-3,2,2,88,1
44,45,-1,0,2,49,0
82,79,3,2,0,88,1
81,78,3,2,0,82,1
55,52,3,0,0,54,0
92,94,-2,2,2,97,1
67,71,-4,1,2,70,0
63,58,5,1,0,60,0
72,67,5,1,0,80,1
80,80,0,2,1,84,1
54,53,1,0,0,54,0
99,100,-1,2,2,103,1
62,67,-5,1,2,69,0
51,47,4,0,0,59,0
78,77,1,2,0,75,0
78,80,-2,2,2,80,1
92,90,2,2,0,89,1
100,105,-5,2,2,103,1
80,75,5,2,0,84,1
91,96,-5,2,2,95,1
48,52,-4,0,2,45,0
76,80,-4,2,2,74,0
67,70,-3,1,2,67,0
30,28,2,0,0,33,0
32,28,4,0,0,38,0
63,68,-5,1,2,66,0
84,88,-4,2,2,87,1
37,42,-5,0,2,42,0
96,94,2,2,0,99,1
88,86,2,2,0,90,1
96,99,-3,2,2,93,1
37,41,-4,0,2,36,0
61,59,2,1,0,68,0
45,47,-2,0,2,45,0
66,66,0,1,1,67,0
43,42,1,0,0,41,0
36,32,4,0,0,39,0
62,61,1,1,0,63,0
48,51,-3,0,2,48,0
58,62,-4,0,2,56,0
30,31,-1,0,2,30,0
40,36,4,0,0,38,0
96,95,1,2,0,99,1
41,43,-2,0,2,42,0
66,66,0,1,1,71,0
82,85,-3,2,2,82,1
53,58,-5,0,2,59,0
59,57,2,0,0,66,0
43,40,3,0,0,47,0
95,92,3,2,0,98,1
51,46,5,0,0,51,0
55,51,4,0,0,53,0
66,61,5,1,0,68,0
47,48,-1,0,2,53,0
70,70,0,1,1,68,0
46,47,-1,0,2,51,0
56,53,3,0,0,58,0
69,73,-4,1,2,77,1
82,81,1,2,0,88,1
74,79,-5,1,2,80,1
91,87,4,2,0,89,1
83,78,5,2,0,80,1
80,81,-1,2,2,80,1
55,56,-1,0,2,62,0
69,64,5,1,0,69,0
88,87,1,2,0,92,1
83,87,-4,2,2,86,1
53,53,0,0,1,55,0
98,96,2,2,0,95,1
65,67,-2,1,2,64,0
91,86,5,2,0,98,1
55,59,-4,0,2,56,0
69,74,-5,1,2,66,0
90,85,5,2,0,94,1
71,68,3,1,0,74,0
64,67,-3,1,2,62,0
73,76,-3,1,2,75,0
41,44,-3,0,2,42,0
73,68,5,1,0,80,1
78,83,-5,2,2,84,1
86,85,1,2,0,83,1
76,74,2,2,0,75,0
37,38,-1,0,2,34,0
99,97,2,2,0,104,1
41,36,5,0,0,47,0
55,51,4,0,0,58,0
46,45,1,0,0,52,0
36,37,-1,0,2,39,0
38,41,-3,0,2,42,0
88,87,1,2,0,86,1
68,71,-3,1,2,66,0
88,84,4,2,0,91,1
46,44,2,0,0,45,0
89,93,-4,2,2,88,1
66,61,5,1,0,70,0
84,83,1,2,0,92,1
68,66,2,1,0,65,0
33,33,0,0,1,38,0
42,46,-4,0,2,39,0
45,41,4,0,0,53,0
95,94,1,2,0,94,1
71,75,-4,1,2,78,1
42,46,-4,0,2,41,0
68,70,-2,1,2,65,0
91,92,-1,2,2,99,1
86,84,2,2,0,94,1
39,36,3,0,0,42,0
34,39,-5,0,2,31,0
32,30,2,0,0,30,0
97,101,-4,2,2,98,1
54,59,-5,0,2,55,0
44,49,-5,0,2,49,0
97,92,5,2,0,103,1
66,67,-1,1,2,73,0
99,98,1,2,0,103,1
92,90,2,2,0,99,1
91,95,-4,2,2,96,1
100,102,-2,2,2,100,1
88,86,2,2,0,88,1
92,92,0,2,1,93,1
86,82,4,2,0,91,1
32,30,2,0,0,34,0
34,35,-1,0,2,36,0
76,75,1,2,0,73,0
38,41,-3,0,2,38,0
90,85,5,2,0,96,1
64,68,-4,1,2,62,0
91,96,-5,2,2,95,1
32,35,-3,0,2,34,0
42,40,2,0,0,47,0
97,98,-1,2,2,95,1
40,37,3,0,0,44,0
96,91,5,2,0,104,1
58,55,3,0,0,57,0
54,58,-4,0,2,62,0
71,68,3,1,0,75,0
54,55,-1,0,2,61,0
88,92,-4,2,2,92,1
67,65,2,1,0,74,0
34,30,4,0,0,32,0
99,100,-1,2,2,107,1
77,78,-1,2,2,74,0
69,72,-3,1,2,75,0
96,94,2,2,0,100,1
69,64,5,1,0,66,0
35,33,2,0,0,34,0
69,74,-5,1,2,76,1
88,85,3,2,0,95,1
74,71,3,1,0,75,0
71,73,-2,1,2,78,1
67,66,1,1,0,68,0
74,70,4,1,0,79,1
60,59,1,0,0,66,0
39,34,5,0,0,40,0
59,58,1,0,0,57,0
31,30,1,0,0,29,0
42,37,5,0,0,39,0
46,44,2,0,0,44,0
89,87,2,2,0,88,1
99,102,-3,2,2,102,1
92,93,-1,2,2,94,1
97,99,-2,2,2,97,1
97,92,5,2,0,94,1
41,41,0,0,1,38,0
39,39,0,0,1,36,0
51,47,4,0,0,55,0
79,81,-2,2,2,86,1
81,80,1,2,0,88,1
62,62,0,1,1,61,0
87,86,1,2,0,93,1
75,79,-4,1,2,75,0
42,39,3,0,0,45,0
44,43,1,0,0,51,0
61,65,-4,1,2,61,0
51,46,5,0,0,58,0
96,101,-5,2,2,104,1
85,86,-1,2,2,86,1
88,90,-2,2,2,90,1
48,45,3,0,0,49,0
32,27,5,0,0,29,0
87,87,0,2,1,85,1
90,93,-3,2,2,87,1
54,52,2,0,0,62,0
47,42,5,0,0,51,0
89,86,3,2,0,86,1
82,80,2,2,0,89,1
75,79,-4,1,2,75,0
100,103,-3,2,2,108,1
82,80,2,2,0,90,1
32,34,-2,0,2,37,0
100,105,-5,2,2,108,1
38,38,0,0,1,43,0
89,89,0,2,1,91,1
31,29,2,0,0,35,0
40,45,-5,0,2,44,0
50,54,-4,0,2,48,0
67,62,5,1,0,72,0
62,62,0,1,1,67,0
37,32,5,0,0,39,0
80,78,2,2,0,85,1
46,43,3,0,0,48,0
49,54,-5,0,2,55,0
69,73,-4,1,2,77,1
31,36,-5,0,2,28,0
59,64,-5,0,2,59,0
55,55,0,0,1,58,0
95,95,0,2,1,98,1
75,71,4,1,0,73,0
44,48,-4,0,2,50,0
73,78,-5,1,2,77,1
90,93,-3,2,2,97,1
35,32,3,0,0,37,0
61,58,3,1,0,59,0
37,35,2,0,0,35,0
91,93,-2,2,2,98,1
36,31,5,0,0,36,0
33,33,0,0,1,39,0
51,47,4,0,0,50,0
70,66,4,1,0,77,1
41,40,1,0,0,49,0
42,39,3,0,0,41,0
48,47,1,0,0,48,0
74,72,2,1,0,77,1
82,81,1,2,0,81,1
73,77,-4,1,2,75,0
47,50,-3,0,2,49,0
66,64,2,1,0,71,0
88,91,-3,2,2,96,1
64,64,0,1,1,61,0
36,41,-5,0,2,37,0
60,56,4,0,0,64,0
49,50,-1,0,2,49,0
49,47,2,0,0,47,0
78,81,-3,2,2,83,1
65,61,4,1,0,66,0
95,99,-4,2,2,95,1
35,34,1,0,0,41,0
87,87,0,2,1,95,1
32,36,-4,0,2,36,0
50,55,-5,0,2,49,0
55,53,2,0,0,55,0
71,75,-4,1,2,74,0
66,67,-1,1,2,68,0
70,70,0,1,1,78,1
43,41,2,0,0,46,0
31,30,1,0,0,33,0
46,41,5,0,0,51,0
57,61,-4,0,2,56,0
34,39,-5,0,2,38,0
85,87,-2,2,2,88,1
76,71,5,2,0,82,1
96,96,0,2,1,102,1
39,36,3,0,0,36,0
34,36,-2,0,2,38,0
72,77,-5,1,2,77,1
93,93,0,2,1,93,1
57,54,3,0,0,64,0
66,67,-1,1,2,74,0
66,71,-5,1,2,63,0
73,71,2,1,0,81,1
35,30,5,0,0,35,0
31,28,3,0,0,32,0
49,45,4,0,0,46,0
64,64,0,1,1,65,0
88,89,-1,2,2,85,1
80,76,4,2,0,80,1
82,86,-4,2,2,86,1
72,76,-4,1,2,77,1
79,76,3,2,0,82,1
85,80,5,2,0,83,1
52,52,0,0,1,52,0
52,54,-2,0,2,50,0
37,41,-4,0,2,38,0
30,29,1,0,0,34,0
58,58,0,0,1,59,0
76,80,-4,2,2,73,0
84,83,1,2,0,90,1
72,68,4,1,0,70,0
46,42,4,0,0,50,0
76,74,2,2,0,73,0
75,77,-2,1,2,72,0
30,33,-3,0,2,31,0
77,78,-1,2,2,82,1
91,95,-4,2,2,89,1
93,93,0,2,1,98,1
62,59,3,1,0,67,0
77,74,3,2,0,78,1
60,57,3,0,0,67,0
97,101,-4,2,2,99,1
33,33,0,0,1,32,0
99,103,-4,2,2,97,1
42,39,3,0,0,45,0
30,28,2,0,0,32,0
100,97,3,2,0,101,1
44,49,-5,0,2,52,0
100,101,-1,2,2,99,1
89,86,3,2,0,86,1
78,83,-5,2,2,77,1
73,73,0,1,1,79,1
40,43,-3,0,2,44,0
95,92,3,2,0,94,1
55,53,2,0,0,53,0
99,100,-1,2,2,105,1
54,55,-1,0,2,52,0
77,78,-1,2,2,85,1
44,39,5,0,0,47,0
99,103,-4,2,2,107,1
72,73,-1,1,2,75,0
76,77,-1,2,2,84,1
44,41,3,0,0,44,0
80,82,-2,2,2,81,1
42,42,0,0,1,41,0
63,65,-2,1,2,64,0
81,76,5,2,0,89,1
64,62,2,1,0,70,0
65,69,-4,1,2,63,0
78,80,-2,2,2,84,1
36,32,4,0,0,39,0
42,41,1,0,0,46,0
71,67,4,1,0,75,0
65,67,-2,1,2,65,0
36,36,0,0,1,33,0
73,71,2,1,0,79,1
76,71,5,2,0,79,1
51,51,0,0,1,52,0
38,34,4,0,0,43,0
44,40,4,0,0,48,0
71,69,2,1,0,75,0
78,74,4,2,0,85,1
66,68,-2,1,2,64,0
53,56,-3,0,2,53,0
89,88,1,2,0,95,1
47,50,-3,0,2,47,0
84,88,-4,2,2,85,1
76,81,-5,2,2,75,0
62,61,1,1,0,63,0
51,52,-1,0,2,50,0
100,95,5,2,0,106,1
86,83,3,2,0,84,1
93,96,-3,2,2,96,1
47,50,-3,0,2,53,0
68,65,3,1,0,65,0
53,56,-3,0,2,53,0
71,70,1,1,0,71,0
65,68,-3,1,2,70,0
37,42,-5,0,2,44,0
99,96,3,2,0,102,1
97,102,-5,2,2,105,1
31,32,-1,0,2,39,0
56,57,-1,0,2,60,0
79,82,-3,2,2,81,1
73,69,4,1,0,72,0
99,103,-4,2,2,102,1
73,77,-4,1,2,75,0
64,68,-4,1,2,67,0
59,61,-2,0,2,63,0
51,47,4,0,0,51,0
98,95,3,2,0,101,1
91,88,3,2,0,94,1
45,50,-5,0,2,53,0
37,39,-2,0,2,36,0
45,44,1,0,0,53,0
34,36,-2,0,2,38,0
94,91,3,2,0,95,1
99,99,0,2,1,97,1
61,66,-5,1,2,62,0
45,45,0,0,1,45,0
43,45,-2,0,2,40,0
52,56,-4,0,2,50,0
31,26,5,0,0,36,0
94,89,5,2,0,93,1
81,80,1,2,0,87,1
97,101,-4,2,2,100,1
35,38,-3,0,2,37,0
72,72,0,1,1,80,1
41,46,-5,0,2,47,0
67,71,-4,1,2,66,0
59,57,2,0,0,65,0
59,59,0,0,1,58,0
36,38,-2,0,2,41,0
44,45,-1,0,2,43,0
95,90,5,2,0,93,1
64,68,-4,1,2,64,0
39,36,3,0,0,37,0
54,54,0,0,1,51,0
65,70,-5,1,2,67,0
81,84,-3,2,2,80,1
70,70,0,1,1,75,0
42,43,-1,0,2,40,0
37,38,-1,0,2,35,0
97,94,3,2,0,97,1
74,76,-2,1,2,72,0
89,89,0,2,1,96,1
31,30,1,0,0,30,0
60,63,-3,0,2,61,0
63,59,4,1,0,68,0
31,26,5,0,0,29,0
60,58,2,0,0,65,0
38,41,-3,0,2,39,0
57,60,-3,0,2,60,0
45,50,-5,0,2,45,0
33,32,1,0,0,37,0
46,47,-1,0,2,49,0
81,83,-2,2,2,81,1
67,66,1,1,0,65,0
92,93,-1,2,2,92,1
92,95,-3,2,2,95,1
56,56,0,0,1,59,0
34,33,1,0,0,32,0
91,86,5,2,0,92,1
50,46,4,0,0,53,0
87,85,2,2,0,90,1
34,39,-5,0,2,35,0
82,86,-4,2,2,83,1
74,76,-2,1,2,71,0
89,84,5,2,0,90,1
81,80,1,2,0,82,1
55,57,-2,0,2,53,0
81,85,-4,2,2,85,1
81,81,0,2,1,87,1
50,46,4,0,0,47,0
93,98,-5,2,2,97,1
38,35,3,0,0,35,0
31,36,-5,0,2,37,0
87,85,2,2,0,88,1
57,52,5,0,0,60,0
63,61,2,1,0,70,0
78,83,-5,2,2,86,1
74,77,-3,1,2,75,0
61,66,-5,1,2,64,0
37,35,2,0,0,42,0
72,77,-5,1,2,71,0
53,56,-3,0,2,57,0
46,47,-1,0,2,46,0
50,48,2,0,0,56,0
60,62,-2,0,2,67,0
81,84,-3,2,2,84,1
57,60,-3,0,2,64,0
87,88,-1,2,2,88,1
37,33,4,0,0,39,0
37,35,2,0,0,42,0
95,99,-4,2,2,94,1
78,80,-2,2,2,78,1
70,67,3,1,0,76,1
91,95,-4,2,2,97,1
50,52,-2,0,2,58,0
31,31,0,0,1,32,0
61,65,-4,1,2,68,0
39,44,-5,0,2,43,0
47,46,1,0,0,52,0
54,52,2,0,0,61,0
51,53,-2,0,2,51,0
73,76,-3,1,2,70,0
50,53,-3,0,2,56,0
61,60,1,1,0,64,0
41,38,3,0,0,39,0
50,51,-1,0,2,54,0
75,73,2,1,0,78,1
52,47,5,0,0,54,0
51,46,5,0,0,56,0
51,55,-4,0,2,49,0
58,59,-1,0,2,58,0
56,60,-4,0,2,55,0
52,50,2,0,0,60,0
51,46,5,0,0,52,0
90,95,-5,2,2,94,1
32,32,0,0,1,31,0
52,51,1,0,0,60,0
54,55,-1,0,2,58,0
87,85,2,2,0,84,1
34,37,-3,0,2,31,0
33,31,2,0,0,32,0
93,89,4,2,0,91,1
39,40,-1,0,2,42,0
56,60,-4,0,2,61,0
42,39,3,0,0,42,0
65,65,0,1,1,71,0
87,87,0,2,1,95,1
43,40,3,0,0,41,0
82,79,3,2,0,82,1
45,48,-3,0,2,48,0
99,97,2,2,0,98,1
87,89,-2,2,2,87,1
49,45,4,0,0,53,0
55,56,-1,0,2,57,0
83,81,2,2,0,86,1
50,46,4,0,0,52,0
75,77,-2,1,2,83,1
86,88,-2,2,2,83,1
100,102,-2,2,2,99,1
87,86,1,2,0,87,1
33,31,2,0,0,37,0
63,67,-4,1,2,62,0
60,63,-3,0,2,57,0
92,95,-3,2,2,94,1
53,49,4,0,0,55,0
60,62,-2,0,2,59,0
77,79,-2,2,2,80,1
84,89,-5,2,2,82,1
92,94,-2,2,2,89,1
76,71,5,2,0,81,1
74,79,-5,1,2,71,0
99,101,-2,2,2,99,1
76,71,5,2,0,78,1
76,71,5,2,0,79,1
38,34,4,0,0,39,0
90,86,4,2,0,88,1
32,27,5,0,0,29,0
99,104,-5,2,2,106,1
80,81,-1,2,2,79,1
71,74,-3,1,2,77,1
98,99,-1,2,2,98,1
78,79,-1,2,2,84,1
93,94,-1,2,2,93,1
99,95,4,2,0,99,1
68,72,-4,1,2,67,0
30,28,2,0,0,35,0
99,96,3,2,0,101,1
75,72,3,1,0,75,0
53,50,3,0,0,53,0
59,57,2,0,0,67,0
59,59,0,0,1,67,0
36,39,-3,0,2,39,0
43,41,2,0,0,49,0
45,45,0,0,1,51,0
99,96,3,2,0,99,1
85,80,5,2,0,85,1
86,87,-1,2,2,86,1
79,84,-5,2,2,86,1
36,36,0,0,1,34,0
61,59,2,1,0,68,0
49,47,2,0,0,52,0
50,46,4,0,0,56,0
43,40,3,0,0,44,0
87,88,-1,2,2,85,1
98,101,-3,2,2,101,1
66,64,2,1,0,63,0
48,51,-3,0,2,53,0
41,38,3,0,0,46,0
62,66,-4,1,2,63,0
97,93,4,2,0,102,1
100,100,0,2,1,103,1
62,67,-5,1,2,66,0
90,94,-4,2,2,98,1
87,82,5,2,0,92,1
68,68,0,1,1,65,0
46,50,-4,0,2,48,0
99,103,-4,2,2,96,1
34,38,-4,0,2,36,0
86,90,-4,2,2,92,1
45,48,-3,0,2,48,0
69,69,0,1,1,77,1
88,84,4,2,0,87,1
93,96,-3,2,2,90,1
93,92,1,2,0,94,1
49,45,4,0,0,49,0
44,42,2,0,0,48,0
43,38,5,0,0,48,0
69,65,4,1,0,77,1
55,60,-5,0,2,53,0
54,52,2,0,0,53,0
73,78,-5,1,2,79,1
35,34,1,0,0,35,0
52,49,3,0,0,59,0
79,74,5,2,0,78,1
98,101,-3,2,2,105,1
41,37,4,0,0,45,0
53,50,3,0,0,53,0
84,81,3,2,0,88,1
71,73,-2,1,2,73,0
41,45,-4,0,2,44,0
32,35,-3,0,2,39,0
69,69,0,1,1,66,0
30,29,1,0,0,34,0
61,56,5,1,0,62,0
33,33,0,0,1,35,0
48,45,3,0,0,56,0
40,39,1,0,0,37,0
92,91,1,2,0,93,1
50,54,-4,0,2,50,0
57,57,0,0,1,63,0
88,87,1,2,0,95,1
98,95,3,2,0,97,1
97,94,3,2,0,97,1
63,59,4,1,0,64,0
90,87,3,2,0,90,1
79,79,0,2,1,78,1
89,86,3,2,0,96,1
95,92,3,2,0,96,1
32,28,4,0,0,33,0
57,55,2,0,0,63,0
91,96,-5,2,2,92,1
64,66,-2,1,2,62,0
70,73,-3,1,2,68,0
87,82,5,2,0,92,1
52,52,0,0,1,49,0
98,93,5,2,0,105,1
64,69,-5,1,2,64,0
45,49,-4,0,2,43,0
69,67,2,1,0,77,1
76,75,1,2,0,78,1
49,54,-5,0,2,53,0
92,95,-3,2,2,92,1
87,84,3,2,0,89,1
44,45,-1,0,2,43,0
86,87,-1,2,2,87,1
75,77,-2,1,2,75,0
46,45,1,0,0,51,0
35,30,5,0,0,42,0
52,47,5,0,0,59,0
75,75,0,1,1,75,0
91,94,-3,2,2,90,1
59,54,5,0,0,59,0
54,52,2,0,0,58,0
43,39,4,0,0,45,0
51,48,3,0,0,50,0
80,83,-3,2,2,86,1
48,45,3,0,0,56,0
74,73,1,1,0,79,1
48,50,-2,0,2,52,0
67,68,-1,1,2,67,0
69,74,-5,1,2,74,0
93,98,-5,2,2,97,1
81,78,3,2,0,88,1
82,85,-3,2,2,87,1
88,85,3,2,0,88,1
97,95,2,2,0,95,1
70,68,2,1,0,73,0
45,50,-5,0,2,53,0
64,59,5,1,0,62,0
50,51,-1,0,2,50,0
96,101,-5,2,2,97,1
90,87,3,2,0,90,1
64,69,-5,1,2,62,0
94,92,2,2,0,97,1
76,74,2,2,0,84,1
83,80,3,2,0,82,1
55,57,-2,0,2,57,0
50,53,-3,0,2,52,0
49,46,3,0,0,48,0
33,32,1,0,0,36,0
57,59,-2,0,2,59,0
74,77,-3,1,2,76,1
95,93,2,2,0,93,1
84,81,3,2,0,81,1
67,67,0,1,1,69,0
54,58,-4,0,2,51,0
90,90,0,2,1,96,1
56,54,2,0,0,55,0
94,91,3,2,0,91,1
69,72,-3,1,2,69,0
85,90,-5,2,2,87,1
78,83,-5,2,2,82,1
72,74,-2,1,2,80,1
68,69,-1,1,2,69,0
78,74,4,2,0,85,1
83,80,3,2,0,88,1
66,71,-5,1,2,71,0
46,44,2,0,0,47,0
80,75,5,2,0,83,1
84,81,3,2,0,87,1
42,37,5,0,0,41,0
40,45,-5,0,2,44,0
48,46,2,0,0,52,0
90,91,-1,2,2,98,1
90,95,-5,2,2,96,1
98,96,2,2,0,103,1
75,74,1,1,0,78,1
78,80,-2,2,2,76,1
47,51,-4,0,2,47,0
62,64,-2,1,2,60,0
48,46,2,0,0,48,0
44,41,3,0,0,47,0
31,28,3,0,0,37,0
95,98,-3,2,2,102,1
39,43,-4,0,2,38,0
68,71,-3,1,2,68,0
99,94,5,2,0,100,1
31,31,0,0,1,30,0
45,43,2,0,0,43,0
70,73,-3,1,2,77,1
94,93,1,2,0,100,1
91,96,-5,2,2,96,1
52,50,2,0,0,57,0
67,68,-1,1,2,69,0
47,49,-2,0,2,46,0
74,73,1,1,0,79,1
82,82,0,2,1,88,1
59,63,-4,0,2,58,0
96,93,3,2,0,99,1
77,73,4,2,0,84,1
86,86,0,2,1,86,1
62,60,2,1,0,65,0
63,61,2,1,0,71,0
66,65,1,1,0,66,0
66,64,2,1,0,63,0
94,96,-2,2,2,93,1
58,54,4,0,0,66,0
47,50,-3,0,2,54,0
40,45,-5,0,2,37,0
67,68,-1,1,2,71,0
63,65,-2,1,2,67,0
94,96,-2,2,2,91,1
79,80,-1,2,2,83,1
88,91,-3,2,2,95,1
74,76,-2,1,2,80,1
56,56,0,0,1,63,0
93,88,5,2,0,99,1
80,84,-4,2,2,82,1
88,89,-1,2,2,94,1
66,62,4,1,0,74,0
64,63,1,1,0,66,0
97,101,-4,2,2,105,1
58,53,5,0,0,58,0
46,46,0,0,1,46,0
98,99,-1,2,2,103,1
78,82,-4,2,2,80,1
82,77,5,2,0,85,1
80,83,-3,2,2,86,1
61,64,-3,1,2,67,0
75,76,-1,1,2,83,1
40,39,1,0,0,40,0
30,28,2,0,0,29,0
42,46,-4,0,2,49,0
80,85,-5,2,2,79,1
53,49,4,0,0,52,0
66,65,1,1,0,67,0
37,38,-1,0,2,34,0
65,65,0,1,1,64,0
93,88,5,2,0,94,1
40,40,0,0,1,48,0
50,50,0,0,1,57,0
34,39,-5,0,2,38,0
49,46,3,0,0,55,0
41,41,0,0,1,38,0
48,44,4,0,0,56,0
81,81,0,2,1,84,1
62,60,2,1,0,65,0
44,39,5,0,0,51,0
93,90,3,2,0,92,1
80,81,-1,2,2,87,1
80,82,-2,2,2,83,1
64,61,3,1,0,68,0
74,79,-5,1,2,71,0
48,48,0,0,1,47,0
88,89,-1,2,2,91,1
51,51,0,0,1,58,0
96,96,0,2,1,102,1
71,72,-1,1,2,79,1
95,92,3,2,0,99,1
64,62,2,1,0,69,0
76,79,-3,2,2,75,0
37,33,4,0,0,34,0
100,99,1,2,0,99,1
94,96,-2,2,2,99,1
66,71,-5,1,2,67,0
42,40,2,0,0,46,0
34,31,3,0,0,31,0
65,68,-3,1,2,63,0
92,90,2,2,0,95,1
38,42,-4,0,2,38,0
59,59,0,0,1,66,0
32,36,-4,0,2,31,0
45,49,-4,0,2,49,0
46,45,1,0,0,44,0
45,45,0,0,1,53,0
95,99,-4,2,2,101,1
42,40,2,0,0,50,0
63,62,1,1,0,62,0
37,36,1,0,0,41,0
84,79,5,2,0,86,1
82,81,1,2,0,79,1
46,43,3,0,0,47,0
42,43,-1,0,2,41,0
82,85,-3,2,2,87,1
54,54,0,0,1,51,0
84,83,1,2,0,90,1
39,41,-2,0,2,43,0
83,85,-2,2,2,83,1
61,65,-4,1,2,59,0
57,59,-2,0,2,58,0
53,53,0,0,1,53,0
88,87,1,2,0,92,1
41,40,1,0,0,39,0
78,75,3,2,0,75,0
55,59,-4,0,2,57,0
67,72,-5,1,2,70,0
79,77,2,2,0,84,1
35,36,-1,0,2,43,0
93,88,5,2,0,98,1
94,89,5,2,0,93,1
38,33,5,0,0,36,0
73,75,-2,1,2,73,0
44,47,-3,0,2,43,0
78,78,0,2,1,82,1
80,81,-1,2,2,77,1
87,86,1,2,0,93,1
58,63,-5,0,2,66,0
84,80,4,2,0,87,1
50,45,5,0,0,51,0
62,60,2,1,0,70,0
40,45,-5,0,2,40,0
76,73,3,2,0,81,1
50,52,-2,0,2,49,0
41,42,-1,0,2,47,0
46,47,-1,0,2,48,0
77,76,1,2,0,85,1
70,73,-3,1,2,68,0
100,97,3,2,0,98,1
42,44,-2,0,2,40,0
45,42,3,0,0,50,0
67,62,5,1,0,69,0
85,85,0,2,1,82,1
74,78,-4,1,2,79,1
37,36,1,0,0,37,0
47,50,-3,0,2,55,0
99,100,-1,2,2,107,1
83,83,0,2,1,80,1
50,45,5,0,0,49,0
42,39,3,0,0,39,0
83,79,4,2,0,84,1
73,74,-1,1,2,79,1
75,76,-1,1,2,77,1
53,57,-4,0,2,55,0
43,39,4,0,0,42,0
54,57,-3,0,2,56,0
46,46,0,0,1,46,0
53,48,5,0,0,58,0
89,85,4,2,0,91,1
94,96,-2,2,2,97,1
57,62,-5,0,2,61,0
87,82,5,2,0,89,1
82,78,4,2,0,89,1
76,73,3,2,0,74,0
66,66,0,1,1,69,0
54,59,-5,0,2,57,0
87,86,1,2,0,87,1
86,81,5,2,0,87,1
36,38,-2,0,2,35,0
61,56,5,1,0,65,0
74,74,0,1,1,81,1
33,31,2,0,0,32,0
58,55,3,0,0,56,0
57,56,1,0,0,65,0
33,29,4,0,0,37,0
38,37,1,0,0,39,0
85,87,-2,2,2,83,1
44,44,0,0,1,49,0
46,41,5,0,0,52,0
100,96,4,2,0,105,1
55,52,3,0,0,61,0
74,77,-3,1,2,81,1
82,80,2,2,0,86,1
97,92,5,2,0,104,1
94,99,-5,2,2,94,1
83,80,3,2,0,88,1
75,79,-4,1,2,81,1
34,36,-2,0,2,34,0
83,88,-5,2,2,81,1
67,62,5,1,0,65,0
44,40,4,0,0,45,0
75,76,-1,1,2,77,1
67,67,0,1,1,65,0
75,78,-3,1,2,77,1
37,32,5,0,0,45,0
62,67,-5,1,2,69,0
79,74,5,2,0,87,1
99,96,3,2,0,99,1
77,75,2,2,0,84,1
91,88,3,2,0,99,1
40,41,-1,0,2,45,0
47,50,-3,0,2,50,0
84,84,0,2,1,86,1
55,55,0,0,1,55,0
58,53,5,0,0,56,0
46,41,5,0,0,53,0
95,99,-4,2,2,98,1
37,33,4,0,0,41,0
94,89,5,2,0,97,1
88,90,-2,2,2,92,1
73,70,3,1,0,74,0
65,66,-1,1,2,73,0
57,53,4,0,0,64,0
71,69,2,1,0,69,0
84,82,2,2,0,91,1
51,52,-1,0,2,58,0
96,92,4,2,0,96,1
38,38,0,0,1,42,0
56,60,-4,0,2,55,0
30,27,3,0,0,33,0
96,98,-2,2,2,96,1
64,67,-3,1,2,61,0
46,50,-4,0,2,46,0
82,77,5,2,0,80,1
97,102,-5,2,2,95,1
30,26,4,0,0,36,0
49,51,-2,0,2,52,0
39,34,5,0,0,46,0
70,67,3,1,0,71,0
94,99,-5,2,2,96,1
70,72,-2,1,2,71,0
40,38,2,0,0,39,0
50,53,-3,0,2,58,0
55,58,-3,0,2,54,0
89,88,1,2,0,92,1
100,96,4,2,0,104,1
34,35,-1,0,2,34,0
52,48,4,0,0,52,0
44,48,-4,0,2,44,0
37,34,3,0,0,36,0
75,72,3,1,0,82,1
97,93,4,2,0,96,1
66,71,-5,1,2,65,0
53,48,5,0,0,57,0
92,94,-2,2,2,90,1
53,51,2,0,0,59,0
33,36,-3,0,2,31,0
86,91,-5,2,2,89,1
82,80,2,2,0,82,1
52,53,-1,0,2,53,0
91,88,3,2,0,96,1
89,89,0,2,1,91,1
86,82,4,2,0,90,1
36,35,1,0,0,38,0
90,92,-2,2,2,89,1
80,80,0,2,1,80,1
67,70,-3,1,2,67,0
70,71,-1,1,2,73,0
87,91,-4,2,2,88,1
54,49,5,0,0,53,0
86,81,5,2,0,88,1
68,66,2,1,0,70,0
83,84,-1,2,2,87,1
45,40,5,0,0,48,0
60,56,4,0,0,66,0
61,56,5,1,0,59,0
38,43,-5,0,2,45,0
39,39,0,0,1,44,0
46,48,-2,0,2,46,0
54,49,5,0,0,55,0
94,91,3,2,0,93,1
65,70,-5,1,2,70,0
95,93,2,2,0,98,1
99,104,-5,2,2,102,1
68,65,3,1,0,65,0
63,58,5,1,0,68,0
42,42,0,0,1,44,0
81,82,-1,2,2,80,1
92,97,-5,2,2,100,1
76,75,1,2,0,73,0
96,92,4,2,0,96,1
61,63,-2,1,2,59,0
72,74,-2,1,2,71,0
87,92,-5,2,2,85,1
90,89,1,2,0,90,1
88,91,-3,2,2,90,1
78,76,2,2,0,77,1
94,95,-1,2,2,101,1
35,33,2,0,0,34,0
48,43,5,0,0,55,0
49,51,-2,0,2,57,0
52,56,-4,0,2,56,0
51,54,-3,0,2,56,0
36,34,2,0,0,39,0
96,100,-4,2,2,99,1
80,84,-4,2,2,80,1
41,42,-1,0,2,48,0
34,29,5,0,0,42,0
46,46,0,0,1,43,0
34,31,3,0,0,42,0
98,98,0,2,1,102,1
88,93,-5,2,2,86,1
48,48,0,0,1,49,0
95,94,1,2,0,95,1
62,64,-2,1,2,64,0
36,35,1,0,0,39,0
48,48,0,0,1,52,0
49,47,2,0,0,47,0
92,88,4,2,0,97,1
86,84,2,2,0,92,1
91,87,4,2,0,88,1
95,95,0,2,1,101,1
98,95,3,2,0,99,1
70,75,-5,1,2,77,1
78,77,1,2,0,85,1
32,28,4,0,0,30,0
64,68,-4,1,2,72,0
53,49,4,0,0,55,0
51,47,4,0,0,58,0
84,83,1,2,0,91,1
58,58,0,0,1,58,0
70,70,0,1,1,70,0
48,50,-2,0,2,47,0
95,96,-1,2,2,93,1
51,54,-3,0,2,53,0
56,52,4,0,0,61,0
77,77,0,2,1,82,1
88,90,-2,2,2,95,1
31,33,-2,0,2,28,0
55,52,3,0,0,61,0
82,77,5,2,0,84,1
80,81,-1,2,2,87,1
51,53,-2,0,2,49,0
59,56,3,0,0,67,0
94,99,-5,2,2,94,1
36,41,-5,0,2,41,0
65,68,-3,1,2,62,0
39,41,-2,0,2,44,0
75,71,4,1,0,77,1
77,77,0,2,1,74,0
56,56,0,0,1,54,0
64,66,-2,1,2,71,0
54,56,-2,0,2,61,0
56,52,4,0,0,55,0
46,41,5,0,0,51,0
70,66,4,1,0,68,0
69,68,1,1,0,66,0
52,54,-2,0,2,49,0
98,93,5,2,0,96,1
69,64,5,1,0,67,0
96,92,4,2,0,93,1
45,49,-4,0,2,48,0
39,43,-4,0,2,41,0
48,50,-2,0,2,55,0
92,90,2,2,0,91,1
94,93,1,2,0,98,1
37,40,-3,0,2,43,0
35,30,5,0,0,40,0
68,73,-5,1,2,76,1
57,62,-5,0,2,59,0
66,63,3,1,0,64,0
85,80,5,2,0,86,1
31,27,4,0,0,38,0
89,89,0,2,1,95,1
69,71,-2,1,2,67,0
66,70,-4,1,2,64,0
92,92,0,2,1,99,1
87,84,3,2,0,87,1
36,31,5,0,0,38,0
97,102,-5,2,2,100,1
32,32,0,0,1,30,0
30,30,0,0,1,32,0
58,59,-1,0,2,55,0
50,54,-4,0,2,53,0
96,98,-2,2,2,95,1
64,66,-2,1,2,65,0
30,32,-2,0,2,38,0
89,84,5,2,0,93,1
52,49,3,0,0,53,0
90,86,4,2,0,90,1
54,53,1,0,0,57,0
34,36,-2,0,2,40,0
78,74,4,2,0,84,1
68,73,-5,1,2,65,0
90,87,3,2,0,92,1
64,63,1,1,0,66,0
70,70,0,1,1,71,0
71,70,1,1,0,68,0
96,93,3,2,0,98,1
58,59,-1,0,2,61,0
42,44,-2,0,2,45,0
74,79,-5,1,2,77,1
95,96,-1,2,2,97,1
47,47,0,0,1,49,0
62,67,-5,1,2,69,0
61,57,4,1,0,60,0
39,42,-3,0,2,39,0
63,60,3,1,0,69,0
57,52,5,0,0,60,0
76,76,0,2,1,75,0
44,42,2,0,0,48,0
38,43,-5,0,2,35,0
48,51,-3,0,2,54,0
69,65,4,1,0,66,0
58,62,-4,0,2,56,0
42,42,0,0,1,39,0
63,68,-5,1,2,64,0
93,92,1,2,0,97,1
55,60,-5,0,2,58,0
42,43,-1,0,2,48,0
78,81,-3,2,2,81,1
87,92,-5,2,2,90,1
82,87,-5,2,2,79,1
91,96,-5,2,2,98,1
54,49,5,0,0,53,0
58,59,-1,0,2,65,0
61,57,4,1,0,69,0
45,42,3,0,0,47,0
57,54,3,0,0,61,0
85,90,-5,2,2,90,1
70,73,-3,1,2,78,1
80,80,0,2,1,85,1
100,103,-3,2,2,99,1
95,92,3,2,0,94,1
40,41,-1,0,2,45,0
47,50,-3,0,2,45,0
37,37,0,0,1,39,0
86,84,2,2,0,86,1
86,91,-5,2,2,84,1
95,95,0,2,1,95,1
93,88,5,2,0,99,1
96,99,-3,2,2,95,1
83,81,2,2,0,90,1
84,86,-2,2,2,91,1
89,91,-2,2,2,96,1
59,54,5,0,0,57,0
91,96,-5,2,2,96,1
60,64,-4,0,2,64,0
77,74,3,2,0,77,1
37,34,3,0,0,43,0
87,88,-1,2,2,90,1
87,89,-2,2,2,84,1
93,88,5,2,0,96,1
38,38,0,0,1,44,0
46,45,1,0,0,45,0
50,46,4,0,0,50,0
91,87,4,2,0,99,1
71,66,5,1,0,73,0
45,43,2,0,0,49,0
88,85,3,2,0,92,1
88,92,-4,2,2,96,1
39,34,5,0,0,36,0
31,35,-4,0,2,39,0
52,56,-4,0,2,49,0
91,91,0,2,1,96,1
96,96,0,2,1,95,1
90,95,-5,2,2,98,1
50,46,4,0,0,57,0
36,36,0,0,1,42,0
82,84,-2,2,2,85,1
99,97,2,2,0,99,1
62,60,2,1,0,59,0
66,66,0,1,1,68,0
50,53,-3,0,2,51,0
89,87,2,2,0,87,1
77,77,0,2,1,82,1
85,80,5,2,0,89,1
58,57,1,0,0,62,0
47,51,-4,0,2,51,0
83,83,0,2,1,90,1
49,44,5,0,0,56,0
90,86,4,2,0,89,1
64,69,-5,1,2,63,0
88,89,-1,2,2,87,1
83,78,5,2,0,91,1
77,78,-1,2,2,76,1
67,65,2,1,0,65,0
78,80,-2,2,2,81,1
87,90,-3,2,2,86,1
98,99,-1,2,2,104,1
54,56,-2,0,2,53,0
72,76,-4,1,2,78,1
90,85,5,2,0,95,1
49,52,-3,0,2,52,0
53,48,5,0,0,51,0
84,85,-1,2,2,91,1
34,37,-3,0,2,35,0
41,45,-4,0,2,41,0
71,73,-2,1,2,73,0
54,49,5,0,0,61,0
90,94,-4,2,2,97,1
84,84,0,2,1,82,1
50,51,-1,0,2,53,0
70,65,5,1,0,75,0
83,79,4,2,0,85,1
94,93,1,2,0,94,1
94,92,2,2,0,102,1
51,51,0,0,1,49,0
76,81,-5,2,2,74,0
49,53,-4,0,2,46,0
88,83,5,2,0,96,1
69,69,0,1,1,69,0
67,70,-3,1,2,75,0
85,81,4,2,0,83,1
66,71,-5,1,2,68,0
95,97,-2,2,2,97,1
55,50,5,0,0,59,0
69,64,5,1,0,71,0
49,47,2,0,0,53,0
59,64,-5,0,2,59,0
84,79,5,2,0,87,1
74,69,5,1,0,78,1
77,72,5,2,0,78,1
64,67,-3,1,2,64,0
66,62,4,1,0,63,0
86,84,2,2,0,87,1
49,48,1,0,0,50,0
41,46,-5,0,2,38,0
93,89,4,2,0,92,1
40,44,-4,0,2,38,0
100,96,4,2,0,98,1
49,53,-4,0,2,51,0
39,41,-2,0,2,40,0
32,33,-1,0,2,37,0
69,67,2,1,0,73,0
85,84,1,2,0,89,1
40,38,2,0,0,44,0
89,85,4,2,0,92,1
57,62,-5,0,2,57,0
42,44,-2,0,2,43,0
55,55,0,0,1,55,0
93,93,0,2,1,97,1
51,55,-4,0,2,54,0
40,41,-1,0,2,42,0
39,37,2,0,0,43,0
73,72,1,1,0,70,0
94,93,1,2,0,100,1
86,85,1,2,0,92,1
82,80,2,2,0,80,1
38,38,0,0,1,43,0
77,81,-4,2,2,76,1
69,74,-5,1,2,75,0
44,43,1,0,0,47,0
42,47,-5,0,2,47,0
69,71,-2,1,2,75,0
92,92,0,2,1,91,1
89,88,1,2,0,94,1
77,81,-4,2,2,80,1
68,70,-2,1,2,75,0
91,89,2,2,0,88,1
35,38,-3,0,2,40,0
89,85,4,2,0,91,1
33,32,1,0,0,37,0
54,49,5,0,0,56,0
92,92,0,2,1,96,1
82,85,-3,2,2,90,1
32,32,0,0,1,30,0
51,51,0,0,1,55,0
91,88,3,2,0,93,1
61,64,-3,1,2,67,0
32,27,5,0,0,40,0
78,73,5,2,0,79,1
91,93,-2,2,2,96,1
70,71,-1,1,2,76,1
51,53,-2,0,2,57,0
78,80,-2,2,2,78,1
83,85,-2,2,2,80,1
30,35,-5,0,2,34,0
87,85,2,2,0,85,1
52,50,2,0,0,56,0
88,84,4,2,0,95,1
42,41,1,0,0,43,0
57,54,3,0,0,60,0
31,31,0,0,1,29,0
46,45,1,0,0,44,0
42,37,5,0,0,43,0
50,49,1,0,0,47,0
69,72,-3,1,2,69,0
44,41,3,0,0,44,0
82,81,1,2,0,82,1
59,64,-5,0,2,64,0
81,78,3,2,0,83,1
30,33,-3,0,2,37,0
38,43,-5,0,2,43,0
86,84,2,2,0,90,1
56,61,-5,0,2,63,0
71,74,-3,1,2,78,1
72,77,-5,1,2,69,0
61,57,4,1,0,62,0
69,68,1,1,0,73,0
35,35,0,0,1,33,0
66,69,-3,1,2,68,0
78,81,-3,2,2,77,1
40,38,2,0,0,37,0
50,53,-3,0,2,48,0
92,90,2,2,0,91,1
57,52,5,0,0,54,0
35,38,-3,0,2,39,0
57,61,-4,0,2,59,0
66,69,-3,1,2,66,0
97,97,0,2,1,103,1
78,73,5,2,0,78,1
87,89,-2,2,2,93,1
61,66,-5,1,2,66,0
89,92,-3,2,2,95,1
85,80,5,2,0,93,1
30,26,4,0,0,28,0
77,75,2,2,0,74,0
92,90,2,2,0,96,1
33,33,0,0,1,41,0
56,53,3,0,0,60,0
60,58,2,0,0,63,0
43,40,3,0,0,41,0
96,92,4,2,0,100,1
55,57,-2,0,2,59,0
39,42,-3,0,2,38,0
53,54,-1,0,2,52,0
87,82,5,2,0,84,1
44,47,-3,0,2,52,0
82,78,4,2,0,80,1
79,81,-2,2,2,87,1
33,32,1,0,0,36,0
30,30,0,0,1,35,0
95,98,-3,2,2,101,1
50,47,3,0,0,50,0
78,80,-2,2,2,80,1
91,96,-5,2,2,91,1
67,63,4,1,0,73,0
81,78,3,2,0,82,1
34,34,0,0,1,31,0
76,75,1,2,0,76,1
47,48,-1,0,2,55,0
52,55,-3,0,2,56,0
39,36,3,0,0,39,0
90,91,-1,2,2,96,1
82,81,1,2,0,83,1
85,80,5,2,0,87,1
98,95,3,2,0,105,1
31,36,-5,0,2,35,0
89,92,-3,2,2,96,1
68,64,4,1,0,75,0
92,92,0,2,1,100,1
87,88,-1,2,2,91,1
63,62,1,1,0,63,0
30,29,1,0,0,32,0
69,70,-1,1,2,66,0
94,91,3,2,0,100,1
83,79,4,2,0,84,1
51,51,0,0,1,50,0
37,42,-5,0,2,34,0
42,47,-5,0,2,44,0
74,74,0,1,1,73,0
43,41,2,0,0,45,0
56,61,-5,0,2,57,0
64,64,0,1,1,65,0
87,92,-5,2,2,90,1
63,59,4,1,0,64,0
49,49,0,0,1,51,0
88,92,-4,2,2,86,1
33,38,-5,0,2,38,0
43,42,1,0,0,51,0
44,47,-3,0,2,51,0
64,69,-5,1,2,63,0
48,50,-2,0,2,48,0
64,60,4,1,0,72,0
53,58,-5,0,2,56,0
79,84,-5,2,2,78,1
61,63,-2,1,2,63,0
87,88,-1,2,2,87,1
69,64,5,1,0,77,1
45,47,-2,0,2,51,0
57,61,-4,0,2,56,0
37,35,2,0,0,44,0
60,57,3,0,0,63,0
74,78,-4,1,2,78,1
100,98,2,2,0,108,1
86,89,-3,2,2,92,1
47,51,-4,0,2,48,0
68,72,-4,1,2,75,0
74,73,1,1,0,75,0
35,33,2,0,0,41,0
33,32,1,0,0,35,0
61,57,4,1,0,59,0
44,42,2,0,0,50,0
35,33,2,0,0,42,0
92,95,-3,2,2,98,1
40,35,5,0,0,37,0
33,35,-2,0,2,30,0
70,73,-3,1,2,71,0
61,61,0,1,1,65,0
99,102,-3,2,2,101,1
94,96,-2,2,2,96,1
40,35,5,0,0,46,0
32,29,3,0,0,40,0
43,48,-5,0,2,41,0
52,48,4,0,0,51,0
76,77,-1,2,2,76,1
59,56,3,0,0,67,0
54,50,4,0,0,60,0
87,86,1,2,0,92,1
54,57,-3,0,2,54,0
77,81,-4,2,2,83,1
40,41,-1,0,2,41,0
74,73,1,1,0,77,1
93,97,-4,2,2,101,1
71,75,-4,1,2,73,0
45,50,-5,0,2,44,0
47,50,-3,0,2,48,0
88,84,4,2,0,90,1
86,81,5,2,0,92,1
89,91,-2,2,2,92,1
31,27,4,0,0,38,0
56,51,5,0,0,60,0
36,35,1,0,0,40,0
41,36,5,0,0,38,0
92,97,-5,2,2,96,1
65,66,-1,1,2,69,0
98,94,4,2,0,98,1
57,57,0,0,1,65,0
59,58,1,0,0,65,0
100,102,-2,2,2,108,1
66,69,-3,1,2,66,0
76,78,-2,2,2,75,0
50,51,-1,0,2,57,0
84,86,-2,2,2,84,1
54,54,0,0,1,54,0
31,31,0,0,1,29,0
98,98,0,2,1,98,1
59,62,-3,0,2,62,0
63,58,5,1,0,65,0
51,53,-2,0,2,51,0
65,62,3,1,0,68,0
48,48,0,0,1,50,0
86,88,-2,2,2,91,1
61,63,-2,1,2,59,0
34,36,-2,0,2,37,0
66,66,0,1,1,72,0
97,101,-4,2,2,103,1
38,34,4,0,0,41,0
97,100,-3,2,2,103,1
60,63,-3,0,2,65,0
90,93,-3,2,2,91,1
61,65,-4,1,2,68,0
39,43,-4,0,2,37,0
89,87,2,2,0,86,1
45,44,1,0,0,46,0
60,55,5,0,0,64,0
30,25,5,0,0,33,0
33,32,1,0,0,39,0
79,84,-5,2,2,76,1
94,95,-1,2,2,100,1
100,104,-4,2,2,106,1
53,55,-2,0,2,61,0
48,44,4,0,0,55,0
69,73,-4,1,2,76,1
96,99,-3,2,2,102,1
56,61,-5,0,2,58,0
95,100,-5,2,2,93,1
89,89,0,2,1,89,1
67,64,3,1,0,73,0
89,85,4,2,0,93,1
71,72,-1,1,2,73,0
51,48,3,0,0,51,0
56,53,3,0,0,54,0
61,57,4,1,0,66,0
95,93,2,2,0,100,1
39,36,3,0,0,37,0
77,79,-2,2,2,80,1
89,93,-4,2,2,86,1
80,82,-2,2,2,84,1
56,60,-4,0,2,61,0
95,96,-1,2,2,103,1
53,54,-1,0,2,59,0
47,45,2,0,0,45,0
87,87,0,2,1,91,1
99,101,-2,2,2,99,1
51,53,-2,0,2,55,0
62,64,-2,1,2,62,0
47,47,0,0,1,46,0
52,47,5,0,0,59,0
98,100,-2,2,2,99,1
99,104,-5,2,2,102,1
43,42,1,0,0,51,0
46,43,3,0,0,48,0
73,77,-4,1,2,74,0
56,58,-2,0,2,59,0
72,77,-5,1,2,73,0
60,63,-3,0,2,57,0
83,82,1,2,0,87,1
42,37,5,0,0,42,0
64,65,-1,1,2,69,0
58,58,0,0,1,63,0
51,55,-4,0,2,52,0
30,32,-2,0,2,38,0
68,68,0,1,1,72,0
58,58,0,0,1,64,0
45,48,-3,0,2,45,0
75,78,-3,1,2,72,0
87,88,-1,2,2,84,1
95,97,-2,2,2,97,1
37,40,-3,0,2,34,0
32,35,-3,0,2,33,0
49,46,3,0,0,52,0
33,36,-3,0,2,35,0
48,48,0,0,1,55,0
74,69,5,1,0,82,1
86,86,0,2,1,94,1
81,82,-1,2,2,83,1
72,75,-3,1,2,76,1
71,67,4,1,0,70,0
55,54,1,0,0,62,0
57,54,3,0,0,57,0
85,88,-3,2,2,88,1
80,79,1,2,0,87,1
55,51,4,0,0,62,0
40,40,0,0,1,38,0
72,75,-3,1,2,74,0
75,77,-2,1,2,77,1
71,76,-5,1,2,70,0
88,90,-2,2,2,90,1
76,74,2,2,0,79,1
40,39,1,0,0,40,0
54,50,4,0,0,56,0
41,36,5,0,0,40,0
66,67,-1,1,2,70,0
42,39,3,0,0,44,0
83,80,3,2,0,83,1
33,28,5,0,0,30,0
36,32,4,0,0,43,0
83,80,3,2,0,86,1
74,73,1,1,0,72,0
57,52,5,0,0,62,0
55,52,3,0,0,57,0
58,61,-3,0,2,55,0
65,68,-3,1,2,73,0
46,49,-3,0,2,46,0
74,72,2,1,0,79,1
80,80,0,2,1,86,1
76,77,-1,2,2,78,1
67,66,1,1,0,72,0
36,36,0,0,1,33,0
70,66,4,1,0,76,1
86,85,1,2,0,84,1
81,86,-5,2,2,78,1
82,86,-4,2,2,82,1
46,48,-2,0,2,53,0
33,38,-5,0,2,36,0
79,76,3,2,0,78,1
37,35,2,0,0,36,0
65,69,-4,1,2,65,0
72,67,5,1,0,77,1
47,50,-3,0,2,54,0
88,90,-2,2,2,89,1
46,45,1,0,0,52,0
77,76,1,2,0,82,1
33,33,0,0,1,40,0
95,97,-2,2,2,93,1
82,81,1,2,0,79,1
87,83,4,2,0,90,1
35,35,0,0,1,43,0
53,53,0,0,1,52,0
47,48,-1,0,2,52,0
71,76,-5,1,2,77,1
41,41,0,0,1,48,0
68,65,3,1,0,70,0
50,49,1,0,0,47,0
91,92,-1,2,2,89,1
81,80,1,2,0,82,1
73,73,0,1,1,71,0
32,31,1,0,0,39,0
67,68,-1,1,2,73,0
62,57,5,1,0,68,0
40,42,-2,0,2,47,0
97,102,-5,2,2,95,1
51,55,-4,0,2,59,0
35,31,4,0,0,40,0
86,87,-1,2,2,89,1
45,44,1,0,0,53,0
80,79,1,2,0,77,1
38,34,4,0,0,40,0
61,62,-1,1,2,64,0
98,94,4,2,0,99,1
88,84,4,2,0,95,1
68,64,4,1,0,71,0
58,53,5,0,0,57,0
39,42,-3,0,2,41,0
41,41,0,0,1,40,0
96,94,2,2,0,100,1
76,78,-2,2,2,75,0
96,94,2,2,0,99,1
45,48,-3,0,2,50,0
89,90,-1,2,2,94,1
100,99,1,2,0,102,1
70,70,0,1,1,74,0
73,78,-5,1,2,79,1
85,90,-5,2,2,90,1
79,76,3,2,0,76,1
89,85,4,2,0,94,1
65,62,3,1,0,68,0
72,72,0,1,1,73,0
72,69,3,1,0,70,0
91,86,5,2,0,99,1
47,42,5,0,0,55,0
92,89,3,2,0,100,1
80,78,2,2,0,87,1
61,58,3,1,0,65,0
97,94,3,2,0,95,1
96,92,4,2,0,100,1
35,33,2,0,0,38,0
74,75,-1,1,2,79,1
49,49,0,0,1,47,0
95,91,4,2,0,98,1
74,78,-4,1,2,82,1
84,79,5,2,0,83,1
64,63,1,1,0,65,0
55,55,0,0,1,63,0
94,97,-3,2,2,101,1
52,50,2,0,0,54,0
48,52,-4,0,2,56,0
84,79,5,2,0,81,1
48,43,5,0,0,48,0
78,79,-1,2,2,84,1
69,69,0,1,1,72,0
83,83,0,2,1,91,1
64,62,2,1,0,72,0
84,83,1,2,0,86,1
55,53,2,0,0,56,0
54,51,3,0,0,51,0
35,34,1,0,0,34,0
93,92,1,2,0,100,1
52,47,5,0,0,50,0
50,47,3,0,0,53,0
52,47,5,0,0,60,0
76,74,2,2,0,75,0
71,70,1,1,0,69,0
77,79,-2,2,2,84,1
35,30,5,0,0,40,0
86,87,-1,2,2,92,1
69,74,-5,1,2,72,0
49,50,-1,0,2,51,0
46,43,3,0,0,44,0
54,50,4,0,0,52,0
70,70,0,1,1,77,1
67,67,0,1,1,74,0
43,47,-4,0,2,47,0
32,31,1,0,0,33,0
53,56,-3,0,2,51,0
93,98,-5,2,2,93,1
64,69,-5,1,2,64,0
54,59,-5,0,2,62,0
45,49,-4,0,2,44,0
52,55,-3,0,2,57,0
45,45,0,0,1,44,0
30,26,4,0,0,29,0
63,61,2,1,0,66,0
47,51,-4,0,2,52,0
74,74,0,1,1,75,0
99,96,3,2,0,106,1
68,64,4,1,0,74,0
59,56,3,0,0,59,0
47,45,2,0,0,47,0
44,46,-2,0,2,48,0
38,35,3,0,0,44,0
33,38,-5,0,2,32,0
81,82,-1,2,2,84,1
34,36,-2,0,2,32,0
31,33,-2,0,2,37,0
90,87,3,2,0,94,1
96,93,3,2,0,97,1
40,43,-3,0,2,41,0
71,73,-2,1,2,75,0
42,43,-1,0,2,48,0
81,80,1,2,0,79,1
85,84,1,2,0,88,1
69,68,1,1,0,70,0
52,48,4,0,0,51,0
98,97,1,2,0,103,1
60,64,-4,0,2,60,0
84,89,-5,2,2,82,1
54,50,4,0,0,57,0
99,102,-3,2,2,105,1
93,94,-1,2,2,92,1
88,91,-3,2,2,92,1
97,94,3,2,0,105,1
84,87,-3,2,2,87,1
43,48,-5,0,2,42,0
36,39,-3,0,2,33,0
45,45,0,0,1,49,0
80,78,2,2,0,78,1
71,76,-5,1,2,74,0
56,52,4,0,0,54,0
65,62,3,1,0,67,0
53,57,-4,0,2,56,0
35,32,3,0,0,38,0
75,73,2,1,0,82,1
55,58,-3,0,2,53,0
57,60,-3,0,2,64,0
67,70,-3,1,2,73,0
77,78,-1,2,2,79,1
85,84,1,2,0,92,1
80,82,-2,2,2,82,1
88,87,1,2,0,93,1
30,28,2,0,0,34,0
97,100,-3,2,2,104,1
32,32,0,0,1,36,0
36,31,5,0,0,33,0
100,99,1,2,0,105,1
71,72,-1,1,2,68,0
79,81,-2,2,2,80,1
88,93,-5,2,2,87,1
77,78,-1,2,2,76,1
76,79,-3,2,2,76,1
43,48,-5,0,2,51,0
53,55,-2,0,2,56,0
79,79,0,2,1,77,1
99,94,5,2,0,97,1
65,64,1,1,0,69,0
32,29,3,0,0,30,0
90,92,-2,2,2,87,1
42,47,-5,0,2,40,0
91,88,3,2,0,89,1
100,99,1,2,0,105,1
67,65,2,1,0,74,0
83,87,-4,2,2,80,1
85,87,-2,2,2,86,1
90,91,-1,2,2,92,1
64,65,-1,1,2,62,0
72,77,-5,1,2,78,1
31,33,-2,0,2,32,0
68,72,-4,1,2,70,0
98,99,-1,2,2,98,1
93,96,-3,2,2,98,1
66,64,2,1,0,71,0
98,94,4,2,0,103,1
95,92,3,2,0,102,1
93,93,0,2,1,95,1
63,62,1,1,0,65,0
47,46,1,0,0,44,0
30,28,2,0,0,30,0
33,37,-4,0,2,40,0
72,67,5,1,0,69,0
57,53,4,0,0,62,0
84,86,-2,2,2,92,1
99,103,-4,2,2,102,1
85,90,-5,2,2,89,1
47,47,0,0,1,44,0
72,71,1,1,0,78,1
47,46,1,0,0,49,0
59,55,4,0,0,57,0
87,89,-2,2,2,86,1
100,98,2,2,0,98,1
36,34,2,0,0,38,0
94,96,-2,2,2,91,1
81,85,-4,2,2,88,1
58,59,-1,0,2,64,0
38,33,5,0,0,46,0
71,74,-3,1,2,75,0
80,80,0,2,1,80,1
56,56,0,0,1,60,0
94,94,0,2,1,91,1
53,52,1,0,0,52,0
92,89,3,2,0,95,1
89,92,-3,2,2,91,1
58,61,-3,0,2,63,0
71,75,-4,1,2,68,0
60,64,-4,0,2,63,0
46,46,0,0,1,49,0
85,85,0,2,1,84,1
85,84,1,2,0,84,1
86,90,-4,2,2,85,1
30,32,-2,0,2,31,0
99,100,-1,2,2,96,1
80,85,-5,2,2,87,1
50,51,-1,0,2,58,0
90,90,0,2,1,94,1
55,60,-5,0,2,55,0
93,88,5,2,0,90,1
88,87,1,2,0,91,1
73,74,-1,1,2,76,1
63,65,-2,1,2,66,0
48,52,-4,0,2,54,0
79,84,-5,2,2,80,1
41,41,0,0,1,43,0
61,58,3,1,0,61,0
30,30,0,0,1,31,0
87,87,0,2,1,86,1
47,47,0,0,1,44,0
52,51,1,0,0,58,0
36,31,5,0,0,42,0
65,64,1,1,0,72,0
86,87,-1,2,2,84,1
84,80,4,2,0,81,1
67,66,1,1,0,73,0
64,67,-3,1,2,67,0
58,62,-4,0,2,55,0
70,67,3,1,0,73,0
100,103,-3,2,2,106,1
61,65,-4,1,2,68,0
36,33,3,0,0,33,0
90,92,-2,2,2,92,1
39,38,1,0,0,45,0
59,61,-2,0,2,60,0
89,94,-5,2,2,86,1
92,88,4,2,0,91,1
93,91,2,2,0,98,1
61,56,5,1,0,69,0
93,88,5,2,0,91,1
87,91,-4,2,2,87,1
100,97,3,2,0,103,1
89,89,0,2,1,95,1
54,55,-1,0,2,61,0
67,64,3,1,0,71,0
69,67,2,1,0,66,0
46,44,2,0,0,47,0
86,90,-4,2,2,91,1
91,89,2,2,0,96,1
97,102,-5,2,2,94,1
79,77,2,2,0,85,1
50,54,-4,0,2,53,0
58,56,2,0,0,64,0
46,50,-4,0,2,52,0
74,78,-4,1,2,71,0
43,48,-5,0,2,43,0
49,47,2,0,0,53,0
76,71,5,2,0,84,1
38,33,5,0,0,46,0
48,44,4,0,0,48,0
55,52,3,0,0,61,0
55,60,-5,0,2,53,0
82,85,-3,2,2,80,1
71,74,-3,1,2,68,0
62,67,-5,1,2,66,0
92,95,-3,2,2,99,1
78,77,1,2,0,84,1
81,83,-2,2,2,82,1
36,38,-2,0,2,40,0
90,90,0,2,1,87,1
78,75,3,2,0,84,1
45,41,4,0,0,49,0
58,57,1,0,0,66,0
35,37,-2,0,2,38,0
72,68,4,1,0,78,1
100,105,-5,2,2,106,1
74,76,-2,1,2,73,0
81,83,-2,2,2,87,1
31,36,-5,0,2,39,0
73,78,-5,1,2,77,1
55,56,-1,0,2,63,0
77,79,-2,2,2,81,1
95,91,4,2,0,100,1
52,57,-5,0,2,60,0
31,33,-2,0,2,31,0
88,91,-3,2,2,91,1
41,39,2,0,0,39,0
45,48,-3,0,2,43,0
73,73,0,1,1,73,0
51,55,-4,0,2,59,0
81,76,5,2,0,83,1
80,78,2,2,0,83,1
77,80,-3,2,2,79,1
56,57,-1,0,2,63,0
77,76,1,2,0,84,1
98,93,5,2,0,97,1
98,97,1,2,0,99,1
66,63,3,1,0,65,0
99,104,-5,2,2,105,1
50,48,2,0,0,51,0
40,40,0,0,1,44,0
64,63,1,1,0,67,0
43,39,4,0,0,51,0
67,66,1,1,0,65,0
70,66,4,1,0,76,1
46,51,-5,0,2,45,0
91,94,-3,2,2,88,1
41,40,1,0,0,41,0
71,75,-4,1,2,77,1
33,37,-4,0,2,34,0
48,52,-4,0,2,56,0
35,33,2,0,0,34,0
40,37,3,0,0,48,0
31,29,2,0,0,37,0
40,41,-1,0,2,40,0
39,40,-1,0,2,39,0
37,39,-2,0,2,43,0
43,43,0,0,1,41,0
50,54,-4,0,2,53,0
49,47,2,0,0,52,0
36,33,3,0,0,33,0
55,55,0,0,1,57,0
90,90,0,2,1,98,1
91,87,4,2,0,93,1
46,49,-3,0,2,44,0
67,65,2,1,0,66,0
39,37,2,0,0,43,0
50,48,2,0,0,52,0
86,85,1,2,0,90,1
62,57,5,1,0,60,0
85,82,3,2,0,85,1
77,73,4,2,0,84,1
81,77,4,2,0,87,1
55,52,3,0,0,62,0
52,56,-4,0,2,57,0
81,79,2,2,0,84,1
60,59,1,0,0,64,0
62,63,-1,1,2,60,0
47,52,-5,0,2,48,0
64,67,-3,1,2,62,0
47,45,2,0,0,51,0
59,60,-1,0,2,65,0
81,86,-5,2,2,88,1
95,91,4,2,0,101,1
65,70,-5,1,2,69,0
97,93,4,2,0,96,1
48,44,4,0,0,51,0
83,88,-5,2,2,91,1
53,57,-4,0,2,54,0
37,41,-4,0,2,42,0
34,30,4,0,0,36,0
42,45,-3,0,2,41,0
87,83,4,2,0,95,1
31,26,5,0,0,39,0
57,61,-4,0,2,58,0
31,32,-1,0,2,34,0
55,51,4,0,0,59,0
45,44,1,0,0,49,0
89,86,3,2,0,90,1
42,43,-1,0,2,49,0
81,78,3,2,0,82,1
79,75,4,2,0,83,1
36,34,2,0,0,44,0
61,64,-3,1,2,61,0
99,104,-5,2,2,99,1
40,36,4,0,0,41,0
52,53,-1,0,2,49,0
69,68,1,1,0,76,1
45,47,-2,0,2,49,0
60,61,-1,0,2,66,0
54,50,4,0,0,55,0
38,39,-1,0,2,40,0
83,81,2,2,0,82,1
98,102,-4,2,2,96,1
87,82,5,2,0,93,1
67,69,-2,1,2,68,0
62,61,1,1,0,66,0
80,76,4,2,0,87,1
44,44,0,0,1,45,0
83,86,-3,2,2,89,1
41,41,0,0,1,41,0
47,45,2,0,0,47,0
54,53,1,0,0,62,0
65,66,-1,1,2,64,0
38,39,-1,0,2,36,0
72,75,-3,1,2,77,1
33,30,3,0,0,31,0
57,53,4,0,0,65,0
98,102,-4,2,2,104,1
30,29,1,0,0,36,0
46,41,5,0,0,53,0
64,60,4,1,0,66,0
68,64,4,1,0,65,0
91,91,0,2,1,94,1
51,53,-2,0,2,48,0
88,85,3,2,0,88,1
100,99,1,2,0,98,1
78,76,2,2,0,82,1
60,58,2,0,0,59,0
72,76,-4,1,2,75,0
78,74,4,2,0,83,1
44,39,5,0,0,44,0
93,95,-2,2,2,92,1
78,77,1,2,0,79,1
85,87,-2,2,2,93,1
60,56,4,0,0,63,0
82,84,-2,2,2,85,1
57,58,-1,0,2,58,0
46,50,-4,0,2,47,0
48,52,-4,0,2,48,0
81,84,-3,2,2,89,1
36,33,3,0,0,44,0
97,92,5,2,0,95,1
95,96,-1,2,2,98,1
39,35,4,0,0,44,0
98,94,4,2,0,104,1
39,39,0,0,1,46,0
89,92,-3,2,2,90,1
37,42,-5,0,2,45,0
59,60,-1,0,2,56,0
38,43,-5,0,2,39,0
87,84,3,2,0,87,1
90,88,2,2,0,92,1
72,75,-3,1,2,72,0
79,84,-5,2,2,83,1
91,86,5,2,0,88,1
65,61,4,1,0,73,0
39,39,0,0,1,44,0
30,29,1,0,0,36,0
50,48,2,0,0,53,0
49,49,0,0,1,51,0
54,55,-1,0,2,58,0
50,54,-4,0,2,52,0
86,89,-3,2,2,83,1
94,97,-3,2,2,100,1
50,53,-3,0,2,55,0
69,72,-3,1,2,74,0
84,86,-2,2,2,84,1
73,77,-4,1,2,74,0
85,84,1,2,0,88,1
99,102,-3,2,2,100,1
95,98,-3,2,2,94,1
36,36,0,0,1,42,0
71,66,5,1,0,71,0
46,41,5,0,0,44,0
92,94,-2,2,2,91,1
46,47,-1,0,2,49,0
100,105,-5,2,2,103,1
65,63,2,1,0,65,0
54,55,-1,0,2,62,0
97,95,2,2,0,102,1
97,100,-3,2,2,101,1
43,44,-1,0,2,41,0
71,68,3,1,0,70,0
41,45,-4,0,2,38,0
59,57,2,0,0,66,0
52,57,-5,0,2,49,0
61,58,3,1,0,69,0
53,56,-3,0,2,55,0
56,59,-3,0,2,64,0
49,54,-5,0,2,50,0
78,83,-5,2,2,84,1
76,71,5,2,0,83,1
91,90,1,2,0,99,1
47,42,5,0,0,55,0
47,42,5,0,0,50,0
78,82,-4,2,2,86,1
83,87,-4,2,2,86,1
65,69,-4,1,2,73,0
67,62,5,1,0,72,0
80,83,-3,2,2,78,1
34,36,-2,0,2,37,0
93,90,3,2,0,101,1
95,90,5,2,0,97,1
60,59,1,0,0,60,0
67,66,1,1,0,67,0
30,29,1,0,0,35,0
41,37,4,0,0,42,0
79,75,4,2,0,81,1
41,40,1,0,0,39,0
95,91,4,2,0,103,1
46,48,-2,0,2,49,0
91,88,3,2,0,90,1
63,63,0,1,1,61,0
74,70,4,1,0,73,0
63,63,0,1,1,61,0
61,64,-3,1,2,60,0
80,83,-3,2,2,88,1
77,82,-5,2,2,80,1
42,40,2,0,0,40,0
33,29,4,0,0,36,0
46,48,-2,0,2,48,0
98,94,4,2,0,103,1
50,48,2,0,0,52,0
33,31,2,0,0,40,0
32,34,-2,0,2,37,0
69,69,0,1,1,68,0
85,82,3,2,0,89,1
97,92,5,2,0,99,1
46,48,-2,0,2,50,0
31,28,3,0,0,31,0
95,97,-2,2,2,103,1
72,67,5,1,0,78,1
51,46,5,0,0,54,0
96,99,-3,2,2,104,1
87,85,2,2,0,88,1
68,65,3,1,0,73,0
82,80,2,2,0,88,1
86,84,2,2,0,88,1
74,77,-3,1,2,73,0
34,30,4,0,0,41,0
100,101,-1,2,2,104,1
39,35,4,0,0,39,0
63,66,-3,1,2,67,0
60,55,5,0,0,63,0
95,95,0,2,1,100,1
92,94,-2,2,2,97,1
79,76,3,2,0,87,1
100,99,1,2,0,97,1
74,69,5,1,0,76,1
52,47,5,0,0,54,0
67,71,-4,1,2,69,0
66,71,-5,1,2,66,0
62,62,0,1,1,60,0
34,33,1,0,0,32,0
67,67,0,1,1,68,0
66,69,-3,1,2,72,0
71,66,5,1,0,79,1
45,45,0,0,1,47,0
64,68,-4,1,2,72,0
31,28,3,0,0,38,0
98,97,1,2,0,106,1
82,81,1,2,0,82,1
53,48,5,0,0,59,0
56,52,4,0,0,59,0
71,72,-1,1,2,78,1
67,68,-1,1,2,70,0
82,78,4,2,0,81,1
38,38,0,0,1,44,0
80,79,1,2,0,80,1
32,30,2,0,0,32,0
40,45,-5,0,2,42,0
87,82,5,2,0,94,1
50,49,1,0,0,52,0
75,79,-4,1,2,82,1
65,60,5,1,0,63,0
94,97,-3,2,2,93,1
60,59,1,0,0,57,0
54,49,5,0,0,56,0
96,99,-3,2,2,94,1
93,89,4,2,0,94,1
38,42,-4,0,2,36,0
89,89,0,2,1,95,1
65,65,0,1,1,66,0
78,78,0,2,1,75,0
32,28,4,0,0,33,0
90,91,-1,2,2,96,1
55,53,2,0,0,56,0
44,39,5,0,0,41,0
45,46,-1,0,2,44,0
81,79,2,2,0,84,1
50,54,-4,0,2,52,0
56,56,0,0,1,62,0
87,82,5,2,0,89,1
75,72,3,1,0,82,1
37,42,-5,0,2,38,0
100,100,0,2,1,101,1
92,93,-1,2,2,96,1
49,47,2,0,0,55,0
75,79,-4,1,2,80,1
38,34,4,0,0,44,0
58,58,0,0,1,58,0
66,66,0,1,1,69,0
52,49,3,0,0,56,0
57,57,0,0,1,58,0
58,61,-3,0,2,55,0
72,70,2,1,0,75,0
34,30,4,0,0,37,0
71,73,-2,1,2,76,1
56,52,4,0,0,54,0
54,51,3,0,0,55,0
56,61,-5,0,2,59,0
71,73,-2,1,2,76,1
83,86,-3,2,2,85,1
87,87,0,2,1,88,1
95,91,4,2,0,101,1
31,31,0,0,1,32,0
49,48,1,0,0,53,0
94,99,-5,2,2,91,1
30,31,-1,0,2,30,0
32,31,1,0,0,39,0
93,89,4,2,0,90,1
53,49,4,0,0,52,0
53,55,-2,0,2,57,0
45,40,5,0,0,42,0
83,80,3,2,0,81,1
40,45,-5,0,2,46,0
97,92,5,2,0,98,1
42,38,4,0,0,49,0
70,66,4,1,0,68,0
100,95,5,2,0,103,1
32,31,1,0,0,29,0
55,60,-5,0,2,56,0
77,81,-4,2,2,82,1
100,102,-2,2,2,100,1
65,70,-5,1,2,73,0
85,88,-3,2,2,87,1
65,62,3,1,0,68,0
87,90,-3,2,2,84,1
98,101,-3,2,2,100,1
82,84,-2,2,2,82,1
97,99,-2,2,2,97,1
82,86,-4,2,2,80,1
70,74,-4,1,2,72,0
95,96,-1,2,2,95,1
73,72,1,1,0,76,1
58,58,0,0,1,64,0
46,49,-3,0,2,51,0
78,79,-1,2,2,76,1
77,72,5,2,0,74,0
87,86,1,2,0,93,1
80,82,-2,2,2,78,1
70,73,-3,1,2,77,1
45,47,-2,0,2,53,0
58,57,1,0,0,61,0
41,44,-3,0,2,42,0
61,57,4,1,0,68,0
98,94,4,2,0,103,1
78,83,-5,2,2,78,1
47,44,3,0,0,52,0
58,62,-4,0,2,63,0
44,44,0,0,1,48,0
71,73,-2,1,2,69,0
86,91,-5,2,2,94,1
43,46,-3,0,2,42,0
91,87,4,2,0,93,1
74,70,4,1,0,72,0
87,89,-2,2,2,93,1
86,86,0,2,1,86,1
81,82,-1,2,2,85,1
73,77,-4,1,2,81,1
34,34,0,0,1,35,0
60,57,3,0,0,66,0
61,66,-5,1,2,60,0
59,63,-4,0,2,67,0
58,61,-3,0,2,64,0
86,83,3,2,0,92,1
31,34,-3,0,2,31,0
54,57,-3,0,2,57,0
73,76,-3,1,2,76,1
38,42,-4,0,2,40,0
70,74,-4,1,2,68,0
98,94,4,2,0,104,1
73,69,4,1,0,77,1
72,69,3,1,0,70,0
59,58,1,0,0,61,0
84,87,-3,2,2,83,1
55,52,3,0,0,59,0
82,82,0,2,1,89,1
89,85,4,2,0,86,1
71,76,-5,1,2,71,0
95,90,5,2,0,98,1
47,48,-1,0,2,47,0
81,81,0,2,1,82,1
88,92,-4,2,2,95,1
59,57,2,0,0,57,0
86,83,3,2,0,85,1
49,47,2,0,0,54,0
48,49,-1,0,2,55,0
56,54,2,0,0,62,0
56,59,-3,0,2,54,0
71,70,1,1,0,79,1
70,75,-5,1,2,69,0
45,44,1,0,0,48,0
55,53,2,0,0,56,0
98,103,-5,2,2,104,1
34,34,0,0,1,42,0
62,57,5,1,0,65,0
47,51,-4,0,2,48,0
59,55,4,0,0,62,0
62,58,4,1,0,59,0
67,71,-4,1,2,64,0
35,39,-4,0,2,37,0
47,42,5,0,0,52,0
46,45,1,0,0,52,0
99,99,0,2,1,101,1
35,31,4,0,0,38,0
41,44,-3,0,2,43,0
80,79,1,2,0,83,1
79,76,3,2,0,80,1
39,40,-1,0,2,42,0
38,40,-2,0,2,36,0
54,58,-4,0,2,53,0
87,91,-4,2,2,86,1
32,28,4,0,0,36,0
88,88,0,2,1,91,1
77,82,-5,2,2,76,1
96,100,-4,2,2,99,1
34,37,-3,0,2,41,0
97,98,-1,2,2,94,1
92,96,-4,2,2,100,1
70,74,-4,1,2,71,0
74,72,2,1,0,73,0
51,53,-2,0,2,58,0
87,90,-3,2,2,89,1
44,40,4,0,0,49,0
72,68,4,1,0,69,0
93,96,-3,2,2,91,1
53,52,1,0,0,51,0
67,70,-3,1,2,71,0
55,58,-3,0,2,61,0
54,59,-5,0,2,55,0
96,96,0,2,1,102,1
47,44,3,0,0,49,0
50,47,3,0,0,47,0
50,45,5,0,0,56,0
99,98,1,2,0,107,1
57,62,-5,0,2,64,0
69,65,4,1,0,69,0
32,31,1,0,0,40,0
95,93,2,2,0,97,1
59,60,-1,0,2,64,0
40,41,-1,0,2,39,0
95,93,2,2,0,92,1
68,69,-1,1,2,67,0
89,84,5,2,0,92,1
31,29,2,0,0,36,0
56,59,-3,0,2,54,0
50,46,4,0,0,51,0
81,82,-1,2,2,81,1
90,90,0,2,1,90,1
54,58,-4,0,2,59,0
61,57,4,1,0,63,0
70,67,3,1,0,69,0
30,33,-3,0,2,31,0
42,45,-3,0,2,50,0
77,74,3,2,0,82,1
64,65,-1,1,2,62,0
51,50,1,0,0,56,0
76,76,0,2,1,75,0
82,84,-2,2,2,83,1
62,60,2,1,0,66,0
79,81,-2,2,2,87,1
45,49,-4,0,2,45,0
68,65,3,1,0,72,0
76,73,3,2,0,80,1
79,74,5,2,0,77,1
44,46,-2,0,2,41,0
92,93,-1,2,2,94,1
70,66,4,1,0,74,0
78,82,-4,2,2,81,1
33,29,4,0,0,34,0
89,88,1,2,0,88,1
58,57,1,0,0,59,0
43,48,-5,0,2,40,0
54,55,-1,0,2,51,0
52,49,3,0,0,59,0
87,89,-2,2,2,86,1
82,81,1,2,0,86,1
52,57,-5,0,2,55,0
47,44,3,0,0,44,0
61,61,0,1,1,58,0
48,43,5,0,0,50,0
63,65,-2,1,2,68,0
97,93,4,2,0,103,1
40,35,5,0,0,46,0
90,95,-5,2,2,93,1
45,48,-3,0,2,51,0
45,43,2,0,0,53,0
64,69,-5,1,2,65,0
79,74,5,2,0,79,1
46,43,3,0,0,48,0
56,58,-2,0,2,61,0
95,92,3,2,0,103,1
82,82,0,2,1,81,1
99,98,1,2,0,96,1
84,89,-5,2,2,85,1
99,103,-4,2,2,105,1
43,39,4,0,0,45,0
100,96,4,2,0,104,1
88,84,4,2,0,85,1
43,41,2,0,0,43,0
87,85,2,2,0,89,1
54,49,5,0,0,54,0
47,48,-1,0,2,53,0
38,41,-3,0,2,42,0
49,49,0,0,1,55,0
59,60,-1,0,2,67,0
92,87,5,2,0,89,1
48,43,5,0,0,49,0
66,70,-4,1,2,73,0
55,59,-4,0,2,55,0
44,46,-2,0,2,44,0
79,79,0,2,1,82,1
88,84,4,2,0,87,1
57,55,2,0,0,55,0
37,32,5,0,0,38,0
47,46,1,0,0,45,0
43,43,0,0,1,49,0
38,41,-3,0,2,45,0
92,95,-3,2,2,93,1
68,66,2,1,0,76,1
68,65,3,1,0,69,0
39,34,5,0,0,38,0
77,77,0,2,1,78,1
89,91,-2,2,2,97,1
79,78,1,2,0,80,1
33,31,2,0,0,38,0
64,65,-1,1,2,65,0
87,91,-4,2,2,84,1
72,76,-4,1,2,74,0
96,98,-2,2,2,104,1
95,99,-4,2,2,98,1
58,63,-5,0,2,61,0
57,62,-5,0,2,59,0
35,30,5,0,0,33,0
53,53,0,0,1,51,0
69,64,5,1,0,71,0
53,58,-5,0,2,51,0
73,70,3,1,0,80,1
57,55,2,0,0,65,0
100,99,1,2,0,101,1
63,58,5,1,0,65,0
64,66,-2,1,2,70,0
57,52,5,0,0,55,0
53,51,2,0,0,59,0
82,80,2,2,0,82,1
34,39,-5,0,2,31,0
59,57,2,0,0,62,0
92,88,4,2,0,97,1
66,70,-4,1,2,69,0
69,68,1,1,0,72,0
82,86,-4,2,2,84,1
33,29,4,0,0,31,0
54,53,1,0,0,56,0
57,58,-1,0,2,56,0
49,52,-3,0,2,57,0
40,38,2,0,0,39,0
36,35,1,0,0,39,0
63,59,4,1,0,62,0
87,84,3,2,0,86,1
70,66,4,1,0,75,0
54,57,-3,0,2,57,0
56,54,2,0,0,62,0
92,94,-2,2,2,91,1
48,49,-1,0,2,55,0
62,58,4,1,0,61,0
59,59,0,0,1,58,0
77,81,-4,2,2,85,1
83,83,0,2,1,90,1
69,64,5,1,0,67,0
31,36,-5,0,2,37,0
84,82,2,2,0,85,1
89,94,-5,2,2,91,1
48,43,5,0,0,45,0
62,60,2,1,0,63,0
46,44,2,0,0,51,0
71,75,-4,1,2,76,1
64,68,-4,1,2,67,0
82,82,0,2,1,82,1
54,57,-3,0,2,62,0
91,90,1,2,0,95,1
75,75,0,1,1,82,1
77,75,2,2,0,80,1
64,69,-5,1,2,66,0
37,37,0,0,1,38,0
69,73,-4,1,2,77,1
46,51,-5,0,2,46,0
38,43,-5,0,2,46,0
50,46,4,0,0,51,0
98,94,4,2,0,100,1
42,47,-5,0,2,42,0
86,84,2,2,0,92,1
96,91,5,2,0,104,1
39,36,3,0,0,36,0
78,75,3,2,0,85,1
91,91,0,2,1,91,1
68,69,-1,1,2,74,0
85,83,2,2,0,82,1
85,85,0,2,1,85,1
59,57,2,0,0,58,0
81,81,0,2,1,88,1
97,99,-2,2,2,100,1
51,46,5,0,0,55,0
87,82,5,2,0,90,1
41,40,1,0,0,48,0
84,83,1,2,0,90,1
91,87,4,2,0,95,1
84,83,1,2,0,84,1
53,58,-5,0,2,51,0
42,46,-4,0,2,50,0
89,84,5,2,0,93,1
62,64,-2,1,2,68,0
41,42,-1,0,2,46,0
52,50,2,0,0,59,0
54,53,1,0,0,55,0
60,61,-1,0,2,66,0
83,84,-1,2,2,91,1
72,69,3,1,0,71,0
76,75,1,2,0,79,1
67,70,-3,1,2,70,0
66,65,1,1,0,64,0
37,42,-5,0,2,37,0
62,67,-5,1,2,68,0
56,54,2,0,0,59,0
93,88,5,2,0,91,1
49,54,-5,0,2,48,0
37,37,0,0,1,39,0
82,79,3,2,0,82,1
60,59,1,0,0,57,0
68,64,4,1,0,76,1
47,47,0,0,1,53,0
72,74,-2,1,2,71,0
83,80,3,2,0,84,1
45,43,2,0,0,50,0
60,55,5,0,0,66,0
85,82,3,2,0,93,1
99,94,5,2,0,99,1
34,33,1,0,0,39,0
87,82,5,2,0,89,1
75,75,0,1,1,79,1
49,52,-3,0,2,52,0
66,70,-4,1,2,64,0
62,57,5,1,0,64,0
73,77,-4,1,2,71,0
100,96,4,2,0,97,1
91,90,1,2,0,95,1
36,36,0,0,1,41,0
90,93,-3,2,2,97,1
67,69,-2,1,2,65,0
73,78,-5,1,2,80,1
39,42,-3,0,2,39,0
47,42,5,0,0,54,0
91,86,5,2,0,88,1
92,91,1,2,0,98,1
40,40,0,0,1,42,0
91,95,-4,2,2,91,1
46,44,2,0,0,50,0
83,84,-1,2,2,87,1
48,51,-3,0,2,46,0
82,85,-3,2,2,81,1
76,76,0,2,1,80,1
47,49,-2,0,2,54,0
68,73,-5,1,2,65,0
41,37,4,0,0,44,0
84,89,-5,2,2,81,1
65,66,-1,1,2,66,0
53,52,1,0,0,58,0
36,32,4,0,0,33,0
100,105,-5,2,2,103,1
53,48,5,0,0,58,0
41,44,-3,0,2,41,0
86,85,1,2,0,85,1
68,66,2,1,0,65,0
41,45,-4,0,2,44,0
60,64,-4,0,2,63,0
44,41,3,0,0,51,0
63,62,1,1,0,63,0
58,62,-4,0,2,61,0
66,71,-5,1,2,67,0
73,76,-3,1,2,76,1
37,38,-1,0,2,35,0
70,65,5,1,0,74,0
99,95,4,2,0,102,1
99,94,5,2,0,106,1
95,98,-3,2,2,95,1
87,87,0,2,1,84,1
86,87,-1,2,2,94,1
59,58,1,0,0,64,0
54,59,-5,0,2,51,0
35,39,-4,0,2,41,0
40,45,-5,0,2,37,0
94,96,-2,2,2,93,1
60,55,5,0,0,57,0
84,86,-2,2,2,85,1
55,56,-1,0,2,52,0
54,58,-4,0,2,57,0
34,36,-2,0,2,34,0
35,37,-2,0,2,36,0
55,54,1,0,0,58,0
62,60,2,1,0,62,0
50,48,2,0,0,50,0
58,56,2,0,0,62,0
32,29,3,0,0,31,0
95,95,0,2,1,103,1
51,56,-5,0,2,58,0
42,47,-5,0,2,43,0
56,53,3,0,0,60,0
96,99,-3,2,2,93,1
77,72,5,2,0,74,0
69,74,-5,1,2,70,0
86,85,1,2,0,86,1
93,88,5,2,0,98,1
99,101,-2,2,2,103,1
72,71,1,1,0,75,0
56,52,4,0,0,61,0
66,66,0,1,1,63,0
35,39,-4,0,2,37,0
54,50,4,0,0,58,0
80,78,2,2,0,82,1
99,99,0,2,1,98,1
94,96,-2,2,2,100,1
67,62,5,1,0,75,0
71,75,-4,1,2,74,0
100,95,5,2,0,100,1
81,86,-5,2,2,79,1
70,66,4,1,0,74,0
53,50,3,0,0,56,0
39,43,-4,0,2,41,0
44,47,-3,0,2,51,0
60,60,0,0,1,59,0
85,80,5,2,0,85,1
39,39,0,0,1,44,0
79,83,-4,2,2,82,1
44,48,-4,0,2,42,0
31,29,2,0,0,31,0
72,68,4,1,0,75,0
67,63,4,1,0,68,0
40,45,-5,0,2,38,0
30,33,-3,0,2,28,0
49,48,1,0,0,50,0
97,97,0,2,1,97,1
30,35,-5,0,2,34,0
43,45,-2,0,2,44,0
53,52,1,0,0,57,0
53,53,0,0,1,59,0
95,95,0,2,1,92,1
80,83,-3,2,2,87,1
58,59,-1,0,2,55,0
87,87,0,2,1,90,1
71,66,5,1,0,70,0
39,34,5,0,0,45,0
43,39,4,0,0,49,0
61,57,4,1,0,60,0
30,28,2,0,0,36,0
31,36,-5,0,2,35,0
100,102,-2,2,2,107,1
38,38,0,0,1,36,0
78,83,-5,2,2,83,1
82,85,-3,2,2,82,1
69,71,-2,1,2,74,0
51,55,-4,0,2,59,0
72,71,1,1,0,77,1
35,38,-3,0,2,38,0
98,103,-5,2,2,97,1
66,65,1,1,0,65,0
66,71,-5,1,2,72,0
91,89,2,2,0,88,1
95,97,-2,2,2,103,1
53,51,2,0,0,53,0
66,68,-2,1,2,71,0
47,42,5,0,0,51,0
95,100,-5,2,2,101,1
57,60,-3,0,2,62,0
39,44,-5,0,2,45,0
38,41,-3,0,2,43,0
98,95,3,2,0,104,1
51,48,3,0,0,54,0
100,98,2,2,0,103,1
54,49,5,0,0,59,0
35,34,1,0,0,33,0
92,89,3,2,0,100,1
78,83,-5,2,2,77,1
89,89,0,2,1,90,1
60,64,-4,0,2,65,0
91,87,4,2,0,91,1
65,66,-1,1,2,69,0
55,57,-2,0,2,56,0
57,59,-2,0,2,59,0
80,78,2,2,0,82,1
71,72,-1,1,2,69,0
39,35,4,0,0,42,0
30,29,1,0,0,31,0
94,96,-2,2,2,102,1
90,92,-2,2,2,96,1
63,68,-5,1,2,61,0
90,86,4,2,0,92,1
94,99,-5,2,2,95,1
44,49,-5,0,2,52,0
52,47,5,0,0,49,0
42,37,5,0,0,50,0
71,74,-3,1,2,78,1
93,98,-5,2,2,98,1
39,37,2,0,0,40,0
88,92,-4,2,2,89,1
99,104,-5,2,2,106,1
49,46,3,0,0,47,0
66,71,-5,1,2,66,0
83,79,4,2,0,88,1
32,29,3,0,0,34,0
63,58,5,1,0,69,0
51,51,0,0,1,49,0
31,35,-4,0,2,37,0
45,50,-5,0,2,46,0
77,81,-4,2,2,78,1
73,71,2,1,0,79,1
75,76,-1,1,2,73,0
48,48,0,0,1,55,0
40,41,-1,0,2,47,0
49,51,-2,0,2,50,0
86,90,-4,2,2,92,1
55,52,3,0,0,54,0
60,56,4,0,0,63,0
97,97,0,2,1,97,1
46,49,-3,0,2,45,0
99,94,5,2,0,104,1
100,96,4,2,0,104,1
51,48,3,0,0,50,0
60,56,4,0,0,66,0
70,72,-2,1,2,73,0
76,73,3,2,0,74,0
95,92,3,2,0,103,1
64,61,3,1,0,65,0
61,61,0,1,1,59,0
88,85,3,2,0,86,1
83,81,2,2,0,89,1
57,58,-1,0,2,62,0
94,91,3,2,0,100,1
84,86,-2,2,2,83,1
39,34,5,0,0,41,0
41,46,-5,0,2,40,0
95,90,5,2,0,100,1
96,100,-4,2,2,96,1
43,47,-4,0,2,40,0
83,79,4,2,0,87,1
71,67,4,1,0,69,0
59,56,3,0,0,58,0
37,40,-3,0,2,36,0
46,49,-3,0,2,51,0
91,92,-1,2,2,99,1
66,61,5,1,0,66,0
64,65,-1,1,2,71,0
81,79,2,2,0,81,1
56,54,2,0,0,58,0
76,71,5,2,0,77,1
81,83,-2,2,2,89,1
97,92,5,2,0,102,1
33,30,3,0,0,39,0
68,64,4,1,0,67,0
87,88,-1,2,2,85,1
39,39,0,0,1,45,0
43,45,-2,0,2,40,0
46,44,2,0,0,53,0
76,80,-4,2,2,73,0
72,70,2,1,0,72,0
32,34,-2,0,2,39,0
78,73,5,2,0,75,0
80,80,0,2,1,77,1
59,54,5,0,0,67,0
44,48,-4,0,2,52,0
52,57,-5,0,2,55,0
44,46,-2,0,2,50,0
75,75,0,1,1,79,1
73,68,5,1,0,78,1
81,81,0,2,1,85,1
86,89,-3,2,2,84,1
51,53,-2,0,2,48,0
54,51,3,0,0,52,0
86,85,1,2,0,87,1
84,81,3,2,0,88,1
45,45,0,0,1,45,0
90,95,-5,2,2,92,1
32,32,0,0,1,34,0
43,45,-2,0,2,41,0
96,92,4,2,0,93,1
94,89,5,2,0,99,1
56,51,5,0,0,53,0
34,33,1,0,0,33,0
86,84,2,2,0,85,1
59,61,-2,0,2,60,0
32,29,3,0,0,38,0
70,69,1,1,0,76,1
31,30,1,0,0,34,0
45,42,3,0,0,53,0
56,59,-3,0,2,56,0
67,69,-2,1,2,64,0
47,50,-3,0,2,52,0
42,40,2,0,0,45,0
72,74,-2,1,2,69,0
53,55,-2,0,2,52,0
39,41,-2,0,2,39,0
41,45,-4,0,2,49,0
92,94,-2,2,2,97,1
41,42,-1,0,2,46,0
40,37,3,0,0,38,0
91,88,3,2,0,90,1
78,83,-5,2,2,75,0
54,49,5,0,0,58,0
98,99,-1,2,2,103,1
48,47,1,0,0,53,0
79,84,-5,2,2,77,1
43,48,-5,0,2,49,0
87,84,3,2,0,93,1
76,74,2,2,0,79,1
44,47,-3,0,2,48,0
63,67,-4,1,2,70,0
52,54,-2,0,2,53,0
94,96,-2,2,2,91,1
93,95,-2,2,2,101,1
95,98,-3,2,2,99,1
40,35,5,0,0,42,0
44,40,4,0,0,49,0
56,53,3,0,0,56,0
57,62,-5,0,2,54,0
73,69,4,1,0,74,0
76,76,0,2,1,79,1
99,97,2,2,0,107,1
82,81,1,2,0,88,1
83,85,-2,2,2,86,1
87,84,3,2,0,93,1
39,38,1,0,0,47,0
59,60,-1,0,2,62,0
96,100,-4,2,2,103,1
81,82,-1,2,2,85,1
97,94,3,2,0,100,1
52,50,2,0,0,60,0
53,56,-3,0,2,59,0
62,62,0,1,1,59,0
86,90,-4,2,2,93,1
100,104,-4,2,2,106,1
99,98,1,2,0,102,1
61,61,0,1,1,67,0
86,83,3,2,0,89,1
38,34,4,0,0,37,0
64,69,-5,1,2,65,0
93,95,-2,2,2,91,1
64,62,2,1,0,66,0
61,63,-2,1,2,60,0
57,58,-1,0,2,59,0
93,96,-3,2,2,100,1
44,44,0,0,1,44,0
67,63,4,1,0,65,0
80,77,3,2,0,87,1
82,80,2,2,0,89,1
99,95,4,2,0,103,1
42,37,5,0,0,50,0
80,83,-3,2,2,81,1
53,49,4,0,0,61,0
58,63,-5,0,2,58,0
73,68,5,1,0,73,0
54,57,-3,0,2,52,0
78,78,0,2,1,84,1
56,53,3,0,0,54,0
83,88,-5,2,2,86,1
32,31,1,0,0,32,0
70,71,-1,1,2,69,0
44,42,2,0,0,46,0
85,81,4,2,0,88,1
39,39,0,0,1,36,0
70,73,-3,1,2,71,0
100,103,-3,2,2,100,1
52,50,2,0,0,54,0
67,64,3,1,0,67,0
56,51,5,0,0,57,0
86,91,-5,2,2,86,1
100,95,5,2,0,105,1
42,37,5,0,0,50,0
53,50,3,0,0,59,0
33,38,-5,0,2,37,0
47,42,5,0,0,44,0
39,36,3,0,0,46,0
60,57,3,0,0,59,0
84,80,4,2,0,89,1
44,48,-4,0,2,48,0
93,92,1,2,0,93,1
53,48,5,0,0,54,0
68,64,4,1,0,65,0
33,30,3,0,0,30,0
79,79,0,2,1,86,1
88,93,-5,2,2,88,1
85,81,4,2,0,86,1
42,39,3,0,0,49,0
99,104,-5,2,2,101,1
99,99,0,2,1,103,1
60,60,0,0,1,61,0
76,71,5,2,0,74,0
76,72,4,2,0,77,1
87,89,-2,2,2,85,1
93,92,1,2,0,99,1
77,73,4,2,0,75,0
59,60,-1,0,2,67,0
42,47,-5,0,2,39,0
62,62,0,1,1,67,0
55,50,5,0,0,63,0
62,63,-1,1,2,67,0
59,56,3,0,0,56,0
77,75,2,2,0,74,0
76,74,2,2,0,73,0
41,42,-1,0,2,45,0
35,32,3,0,0,32,0
54,59,-5,0,2,60,0
32,37,-5,0,2,31,0
89,84,5,2,0,87,1
31,28,3,0,0,35,0
46,48,-2,0,2,43,0
78,80,-2,2,2,76,1
32,27,5,0,0,37,0
79,81,-2,2,2,76,1
79,80,-1,2,2,85,1
44,49,-5,0,2,51,0
49,49,0,0,1,53,0
93,93,0,2,1,91,1
94,92,2,2,0,98,1
46,43,3,0,0,54,0
90,93,-3,2,2,97,1
90,86,4,2,0,97,1
41,38,3,0,0,48,0
82,83,-1,2,2,88,1
36,38,-2,0,2,43,0
81,80,1,2,0,86,1
60,55,5,0,0,60,0
65,65,0,1,1,67,0
46,41,5,0,0,45,0
51,52,-1,0,2,58,0
56,57,-1,0,2,53,0
64,66,-2,1,2,65,0
55,52,3,0,0,55,0
48,44,4,0,0,45,0
74,70,4,1,0,76,1
87,85,2,2,0,95,1
94,96,-2,2,2,101,1
66,70,-4,1,2,63,0
69,69,0,1,1,70,0
90,87,3,2,0,97,1
90,85,5,2,0,88,1
72,68,4,1,0,77,1
96,98,-2,2,2,95,1
36,33,3,0,0,35,0
83,81,2,2,0,85,1
90,89,1,2,0,88,1
79,83,-4,2,2,86,1
60,65,-5,0,2,67,0
62,61,1,1,0,70,0
82,77,5,2,0,81,1
35,30,5,0,0,32,0
79,84,-5,2,2,87,1
52,52,0,0,1,54,0
98,93,5,2,0,98,1
88,90,-2,2,2,87,1
87,85,2,2,0,90,1
86,91,-5,2,2,89,1
97,96,1,2,0,105,1
30,31,-1,0,2,29,0
50,52,-2,0,2,48,0
72,74,-2,1,2,71,0
73,69,4,1,0,77,1
98,100,-2,2,2,104,1
57,58,-1,0,2,57,0
80,81,-1,2,2,80,1
46,49,-3,0,2,52,0
76,72,4,2,0,80,1
52,56,-4,0,2,49,0
64,65,-1,1,2,70,0
88,93,-5,2,2,87,1
96,97,-1,2,2,95,1
58,55,3,0,0,55,0
90,86,4,2,0,96,1
33,38,-5,0,2,31,0
62,62,0,1,1,61,0
52,54,-2,0,2,53,0
72,73,-1,1,2,78,1
70,66,4,1,0,69,0
67,65,2,1,0,74,0
58,57,1,0,0,66,0
96,101,-5,2,2,96,1
90,90,0,2,1,89,1
75,80,-5,1,2,77,1
86,81,5,2,0,94,1
45,50,-5,0,2,47,0
41,40,1,0,0,40,0
68,73,-5,1,2,65,0
58,59,-1,0,2,60,0
60,57,3,0,0,57,0
81,77,4,2,0,85,1
70,73,-3,1,2,77,1
81,85,-4,2,2,78,1
57,60,-3,0,2,60,0
42,47,-5,0,2,40,0
98,96,2,2,0,97,1
90,89,1,2,0,94,1
92,92,0,2,1,95,1
59,63,-4,0,2,63,0
82,81,1,2,0,79,1
98,103,-5,2,2,106,1
81,83,-2,2,2,79,1
98,103,-5,2,2,103,1
98,98,0,2,1,96,1
55,60,-5,0,2,55,0
68,68,0,1,1,74,0
62,67,-5,1,2,66,0
49,50,-1,0,2,52,0
91,93,-2,2,2,97,1
41,46,-5,0,2,47,0
32,35,-3,0,2,38,0
38,34,4,0,0,37,0
45,43,2,0,0,43,0
32,36,-4,0,2,29,0
53,50,3,0,0,51,0
100,101,-1,2,2,99,1
76,76,0,2,1,83,1
62,63,-1,1,2,65,0
71,72,-1,1,2,76,1
54,51,3,0,0,51,0
31,34,-3,0,2,31,0
99,104,-5,2,2,107,1
97,99,-2,2,2,96,1
80,84,-4,2,2,86,1
85,87,-2,2,2,89,1
66,63,3,1,0,63,0
56,58,-2,0,2,58,0
66,65,1,1,0,63,0
60,59,1,0,0,68,0
40,38,2,0,0,44,0
61,58,3,1,0,63,0
89,89,0,2,1,87,1
48,50,-2,0,2,48,0
85,90,-5,2,2,91,1
93,95,-2,2,2,100,1
72,67,5,1,0,72,0
48,49,-1,0,2,50,0
38,35,3,0,0,43,0
56,61,-5,0,2,64,0
74,72,2,1,0,72,0
62,67,-5,1,2,70,0
35,32,3,0,0,38,0
34,29,5,0,0,32,0
78,82,-4,2,2,75,0
83,81,2,2,0,82,1
54,50,4,0,0,55,0
84,82,2,2,0,83,1
79,80,-1,2,2,76,1
47,44,3,0,0,50,0
45,45,0,0,1,50,0
36,31,5,0,0,37,0
92,89,3,2,0,94,1
51,46,5,0,0,51,0
58,63,-5,0,2,59,0
93,88,5,2,0,98,1
42,40,2,0,0,46,0
34,31,3,0,0,33,0
62,59,3,1,0,64,0
79,77,2,2,0,87,1
38,35,3,0,0,36,0
79,78,1,2,0,86,1
74,79,-5,1,2,78,1
75,78,-3,1,2,76,1
43,46,-3,0,2,46,0
90,89,1,2,0,97,1
83,79,4,2,0,88,1
45,42,3,0,0,43,0
84,85,-1,2,2,86,1
78,75,3,2,0,78,1
31,29,2,0,0,29,0
72,70,2,1,0,79,1
94,99,-5,2,2,102,1
33,34,-1,0,2,38,0
36,35,1,0,0,40,0
98,99,-1,2,2,95,1
59,56,3,0,0,61,0
48,49,-1,0,2,46,0
39,40,-1,0,2,43,0
72,76,-4,1,2,76,1
65,61,4,1,0,71,0
60,65,-5,0,2,61,0
30,29,1,0,0,34,0
32,35,-3,0,2,35,0
64,62,2,1,0,63,0
59,58,1,0,0,57,0
72,77,-5,1,2,80,1
69,74,-5,1,2,75,0
48,51,-3,0,2,48,0
72,77,-5,1,2,77,1
65,70,-5,1,2,65,0
62,63,-1,1,2,63,0
43,41,2,0,0,43,0
76,76,0,2,1,76,1
38,39,-1,0,2,41,0
89,89,0,2,1,95,1
66,65,1,1,0,73,0
99,95,4,2,0,97,1
90,93,-3,2,2,88,1
48,53,-5,0,2,52,0
61,61,0,1,1,59,0
69,69,0,1,1,72,0
84,87,-3,2,2,91,1
89,87,2,2,0,91,1
97,92,5,2,0,101,1
38,34,4,0,0,36,0
99,100,-1,2,2,100,1
88,91,-3,2,2,96,1
43,41,2,0,0,51,0
85,81,4,2,0,89,1
80,84,-4,2,2,85,1
95,92,3,2,0,95,1
90,94,-4,2,2,96,1
94,96,-2,2,2,99,1
38,40,-2,0,2,43,0
67,72,-5,1,2,73,0
90,90,0,2,1,95,1
90,94,-4,2,2,92,1
44,42,2,0,0,47,0
72,69,3,1,0,75,0
46,50,-4,0,2,48,0
84,87,-3,2,2,89,1
42,41,1,0,0,44,0
58,58,0,0,1,55,0
58,59,-1,0,2,64,0
64,63,1,1,0,70,0
100,103,-3,2,2,106,1
95,95,0,2,1,99,1
54,52,2,0,0,57,0
75,74,1,1,0,74,0
75,75,0,1,1,76,1
30,25,5,0,0,29,0
89,94,-5,2,2,89,1
32,27,5,0,0,32,0
57,57,0,0,1,59,0
84,81,3,2,0,92,1
45,43,2,0,0,46,0
70,66,4,1,0,78,1
98,99,-1,2,2,106,1
59,63,-4,0,2,67,0
56,59,-3,0,2,62,0
89,93,-4,2,2,86,1
85,86,-1,2,2,92,1
31,36,-5,0,2,34,0
90,85,5,2,0,97,1
92,96,-4,2,2,89,1
68,67,1,1,0,74,0
83,84,-1,2,2,82,1
64,59,5,1,0,72,0
97,94,3,2,0,97,1
33,33,0,0,1,35,0
92,97,-5,2,2,91,1
91,96,-5,2,2,96,1
91,94,-3,2,2,97,1
42,45,-3,0,2,49,0
31,29,2,0,0,30,0
83,87,-4,2,2,86,1
74,76,-2,1,2,79,1
71,68,3,1,0,74,0
44,42,2,0,0,43,0
66,70,-4,1,2,72,0
84,82,2,2,0,89,1
85,82,3,2,0,87,1
61,57,4,1,0,59,0
47,49,-2,0,2,52,0
36,40,-4,0,2,40,0
93,88,5,2,0,96,1
70,68,2,1,0,69,0
46,50,-4,0,2,44,0
81,81,0,2,1,81,1
35,35,0,0,1,41,0
40,36,4,0,0,37,0
60,60,0,0,1,59,0
45,40,5,0,0,43,0
91,96,-5,2,2,96,1
56,55,1,0,0,55,0
74,74,0,1,1,73,0
57,56,1,0,0,59,0
38,39,-1,0,2,38,0
64,60,4,1,0,61,0
80,83,-3,2,2,83,1
73,78,-5,1,2,72,0
54,53,1,0,0,57,0
76,71,5,2,0,80,1
67,62,5,1,0,66,0
44,49,-5,0,2,47,0
30,35,-5,0,2,35,0
58,54,4,0,0,61,0
74,69,5,1,0,74,0
100,100,0,2,1,100,1
80,85,-5,2,2,80,1
96,101,-5,2,2,94,1
56,57,-1,0,2,60,0
43,45,-2,0,2,44,0
35,40,-5,0,2,38,0
48,48,0,0,1,52,0
52,48,4,0,0,54,0
70,75,-5,1,2,67,0
85,81,4,2,0,88,1
48,52,-4,0,2,48,0
48,47,1,0,0,54,0
67,70,-3,1,2,69,0
95,94,1,2,0,102,1
91,90,1,2,0,91,1
53,55,-2,0,2,56,0
97,98,-1,2,2,100,1
59,55,4,0,0,58,0
55,56,-1,0,2,62,0
82,85,-3,2,2,89,1
72,71,1,1,0,69,0
70,66,4,1,0,72,0
98,101,-3,2,2,105,1
56,54,2,0,0,56,0
93,89,4,2,0,92,1
90,90,0,2,1,94,1
58,55,3,0,0,60,0
50,45,5,0,0,48,0
79,76,3,2,0,77,1
32,35,-3,0,2,32,0
54,58,-4,0,2,60,0
40,45,-5,0,2,46,0
52,50,2,0,0,52,0
77,79,-2,2,2,75,0
60,55,5,0,0,58,0
33,38,-5,0,2,33,0
64,64,0,1,1,67,0
95,95,0,2,1,97,1
39,40,-1,0,2,45,0
52,55,-3,0,2,52,0
58,55,3,0,0,58,0
75,79,-4,1,2,76,1
90,88,2,2,0,93,1
99,94,5,2,0,107,1
92,93,-1,2,2,91,1
39,34,5,0,0,47,0
36,41,-5,0,2,33,0
93,89,4,2,0,91,1
55,58,-3,0,2,63,0
62,63,-1,1,2,61,0
94,92,2,2,0,102,1
54,51,3,0,0,62,0
92,97,-5,2,2,91,1
99,97,2,2,0,99,1
34,31,3,0,0,36,0
68,67,1,1,0,68,0
81,83,-2,2,2,88,1
50,51,-1,0,2,54,0
95,90,5,2,0,98,1
78,83,-5,2,2,78,1
63,68,-5,1,2,69,0
95,94,1,2,0,100,1
87,91,-4,2,2,95,1
39,35,4,0,0,44,0
46,43,3,0,0,44,0
65,62,3,1,0,65,0
77,80,-3,2,2,74,0
99,95,4,2,0,99,1
51,53,-2,0,2,53,0
55,50,5,0,0,59,0
32,34,-2,0,2,38,0
89,94,-5,2,2,89,1
43,40,3,0,0,47,0
97,96,1,2,0,103,1
86,82,4,2,0,86,1
95,91,4,2,0,96,1
79,75,4,2,0,81,1
72,68,4,1,0,69,0
51,53,-2,0,2,50,0
95,94,1,2,0,100,1
48,48,0,0,1,53,0
47,46,1,0,0,48,0
40,39,1,0,0,45,0
97,94,3,2,0,104,1
90,92,-2,2,2,89,1
38,42,-4,0,2,40,0
34,35,-1,0,2,34,0
34,29,5,0,0,34,0
38,38,0,0,1,45,0
39,35,4,0,0,45,0
90,93,-3,2,2,96,1
35,40,-5,0,2,36,0
99,94,5,2,0,103,1
88,85,3,2,0,95,1
80,84,-4,2,2,80,1
77,75,2,2,0,76,1
81,84,-3,2,2,87,1
63,65,-2,1,2,65,0
72,67,5,1,0,73,0
48,52,-4,0,2,53,0
70,75,-5,1,2,73,0
83,82,1,2,0,82,1
91,94,-3,2,2,98,1
94,96,-2,2,2,102,1
47,43,4,0,0,51,0
48,47,1,0,0,51,0
86,86,0,2,1,83,1
37,42,-5,0,2,36,0
54,53,1,0,0,59,0
39,37,2,0,0,47,0
62,60,2,1,0,65,0
46,42,4,0,0,54,0
39,39,0,0,1,36,0
79,80,-1,2,2,77,1
91,87,4,2,0,88,1
58,56,2,0,0,65,0
35,30,5,0,0,34,0
62,66,-4,1,2,63,0
42,38,4,0,0,43,0
93,98,-5,2,2,98,1
63,62,1,1,0,69,0
36,34,2,0,0,37,0
58,63,-5,0,2,58,0
55,58,-3,0,2,61,0
41,42,-1,0,2,47,0
90,86,4,2,0,92,1
63,62,1,1,0,62,0
44,49,-5,0,2,50,0
54,50,4,0,0,61,0
35,37,-2,0,2,39,0
50,49,1,0,0,55,0
61,62,-1,1,2,68,0
98,100,-2,2,2,100,1
47,50,-3,0,2,44,0
85,83,2,2,0,83,1
42,42,0,0,1,43,0
32,33,-1,0,2,33,0
32,35,-3,0,2,32,0
57,61,-4,0,2,63,0
65,70,-5,1,2,71,0
77,75,2,2,0,74,0
69,68,1,1,0,74,0
37,38,-1,0,2,41,0
60,55,5,0,0,66,0
41,44,-3,0,2,47,0
68,70,-2,1,2,69,0
77,74,3,2,0,80,1
83,79,4,2,0,90,1
100,96,4,2,0,105,1
77,73,4,2,0,76,1
85,90,-5,2,2,90,1
63,61,2,1,0,68,0
36,39,-3,0,2,39,0
35,39,-4,0,2,34,0
40,36,4,0,0,46,0
42,43,-1,0,2,48,0
49,53,-4,0,2,49,0
98,99,-1,2,2,106,1
41,37,4,0,0,40,0
69,69,0,1,1,67,0
79,76,3,2,0,82,1
38,38,0,0,1,39,0
30,30,0,0,1,32,0
48,51,-3,0,2,47,0
71,66,5,1,0,69,0
55,51,4,0,0,53,0
96,92,4,2,0,104,1
32,31,1,0,0,37,0
87,82,5,2,0,87,1
53,51,2,0,0,58,0
66,67,-1,1,2,65,0
82,80,2,2,0,90,1
50,52,-2,0,2,54,0
91,91,0,2,1,92,1
43,44,-1,0,2,49,0
79,81,-2,2,2,83,1
46,50,-4,0,2,47,0
86,82,4,2,0,93,1
77,72,5,2,0,80,1
62,62,0,1,1,70,0
100,104,-4,2,2,108,1
82,77,5,2,0,82,1
41,41,0,0,1,40,0
70,71,-1,1,2,72,0
88,85,3,2,0,93,1
93,91,2,2,0,98,1
45,47,-2,0,2,47,0
66,67,-1,1,2,66,0
67,64,3,1,0,75,0
43,42,1,0,0,45,0
80,85,-5,2,2,80,1
59,56,3,0,0,57,0
59,63,-4,0,2,65,0
40,35,5,0,0,44,0
68,66,2,1,0,67,0
47,45,2,0,0,46,0
41,46,-5,0,2,49,0
51,48,3,0,0,59,0
80,79,1,2,0,82,1
53,56,-3,0,2,52,0
38,33,5,0,0,38,0
69,64,5,1,0,73,0
77,78,-1,2,2,78,1
83,79,4,2,0,86,1
74,70,4,1,0,77,1
58,60,-2,0,2,60,0
36,37,-1,0,2,37,0
47,46,1,0,0,55,0
67,62,5,1,0,64,0
97,100,-3,2,2,105,1
76,79,-3,2,2,79,1
89,85,4,2,0,89,1
37,32,5,0,0,42,0
32,33,-1,0,2,32,0
43,39,4,0,0,45,0
87,89,-2,2,2,91,1
80,75,5,2,0,81,1
61,66,-5,1,2,63,0
40,41,-1,0,2,44,0
54,52,2,0,0,58,0
57,60,-3,0,2,57,0
91,86,5,2,0,92,1
74,71,3,1,0,82,1
54,50,4,0,0,62,0
75,73,2,1,0,72,0
36,34,2,0,0,33,0
84,81,3,2,0,88,1
85,82,3,2,0,91,1
64,62,2,1,0,61,0
45,43,2,0,0,48,0
74,72,2,1,0,71,0
83,82,1,2,0,90,1
82,81,1,2,0,89,1
76,79,-3,2,2,78,1
84,89,-5,2,2,92,1
47,49,-2,0,2,51,0
88,84,4,2,0,90,1
76,76,0,2,1,84,1
38,36,2,0,0,38,0
42,37,5,0,0,50,0
100,98,2,2,0,101,1
65,67,-2,1,2,69,0
69,70,-1,1,2,76,1
30,32,-2,0,2,28,0
97,95,2,2,0,98,1
62,61,1,1,0,59,0
32,35,-3,0,2,34,0
88,88,0,2,1,85,1
89,89,0,2,1,93,1
80,84,-4,2,2,87,1
85,84,1,2,0,91,1
68,69,-1,1,2,76,1
77,74,3,2,0,78,1
49,50,-1,0,2,48,0
91,90,1,2,0,92,1
66,66,0,1,1,69,0
55,51,4,0,0,59,0
33,34,-1,0,2,34,0
54,53,1,0,0,55,0
64,69,-5,1,2,71,0
70,71,-1,1,2,75,0
71,73,-2,1,2,72,0
63,68,-5,1,2,67,0
49,50,-1,0,2,51,0
59,57,2,0,0,66,0
36,38,-2,0,2,38,0
81,80,1,2,0,89,1
73,68,5,1,0,70,0
50,46,4,0,0,58,0
44,40,4,0,0,44,0
56,55,1,0,0,61,0
82,84,-2,2,2,87,1
82,79,3,2,0,86,1
81,76,5,2,0,88,1
36,37,-1,0,2,42,0
33,34,-1,0,2,34,0
70,70,0,1,1,70,0
31,34,-3,0,2,29,0
50,50,0,0,1,57,0
98,95,3,2,0,98,1
57,53,4,0,0,55,0
32,29,3,0,0,32,0
78,83,-5,2,2,81,1
52,56,-4,0,2,57,0
98,101,-3,2,2,97,1
57,60,-3,0,2,59,0
33,31,2,0,0,40,0
74,69,5,1,0,81,1
66,71,-5,1,2,71,0
46,46,0,0,1,43,0
32,28,4,0,0,33,0
60,56,4,0,0,63,0
59,55,4,0,0,63,0
93,93,0,2,1,100,1
85,82,3,2,0,91,1
49,46,3,0,0,52,0
82,83,-1,2,2,79,1
31,27,4,0,0,30,0
91,89,2,2,0,93,1
41,37,4,0,0,48,0
58,59,-1,0,2,55,0
89,84,5,2,0,97,1
86,89,-3,2,2,85,1
47,49,-2,0,2,55,0
63,60,3,1,0,71,0
55,54,1,0,0,59,0
48,48,0,0,1,54,0
51,56,-5,0,2,53,0
64,59,5,1,0,63,0
39,34,5,0,0,46,0
53,54,-1,0,2,53,0
42,39,3,0,0,47,0
66,65,1,1,0,63,0
89,85,4,2,0,97,1
50,45,5,0,0,58,0
87,91,-4,2,2,85,1
54,56,-2,0,2,54,0
45,41,4,0,0,43,0
64,67,-3,1,2,66,0
48,43,5,0,0,49,0
37,33,4,0,0,36,0
67,66,1,1,0,70,0
75,78,-3,1,2,83,1
55,51,4,0,0,55,0
84,88,-4,2,2,83,1
36,35,1,0,0,42,0
48,53,-5,0,2,56,0
48,49,-1,0,2,51,0
49,44,5,0,0,56,0
77,82,-5,2,2,79,1
79,82,-3,2,2,79,1
51,51,0,0,1,54,0
68,72,-4,1,2,65,0
73,69,4,1,0,77,1
41,45,-4,0,2,48,0
57,53,4,0,0,59,0
96,95,1,2,0,104,1
39,39,0,0,1,41,0
86,91,-5,2,2,88,1
66,61,5,1,0,68,0
69,70,-1,1,2,67,0
89,93,-4,2,2,95,1
77,78,-1,2,2,76,1
48,46,2,0,0,51,0
62,63,-1,1,2,67,0
65,70,-5,1,2,69,0
50,54,-4,0,2,58,0
59,62,-3,0,2,64,0
78,80,-2,2,2,82,1
53,49,4,0,0,61,0
40,35,5,0,0,44,0
93,95,-2,2,2,97,1
100,104,-4,2,2,105,1
72,70,2,1,0,73,0
64,63,1,1,0,62,0
90,93,-3,2,2,98,1
93,90,3,2,0,93,1
65,68,-3,1,2,66,0
96,93,3,2,0,95,1
31,32,-1,0,2,33,0
57,52,5,0,0,59,0
96,98,-2,2,2,98,1
92,89,3,2,0,94,1
77,76,1,2,0,78,1
59,56,3,0,0,59,0
55,50,5,0,0,57,0
50,55,-5,0,2,51,0
75,72,3,1,0,72,0
76,77,-1,2,2,79,1
88,88,0,2,1,90,1
41,40,1,0,0,43,0
82,78,4,2,0,83,1
75,73,2,1,0,83,1
92,88,4,2,0,92,1
55,56,-1,0,2,54,0
76,74,2,2,0,79,1
64,65,-1,1,2,63,0
87,88,-1,2,2,84,1
61,61,0,1,1,67,0
81,83,-2,2,2,85,1
95,97,-2,2,2,93,1
30,26,4,0,0,29,0
73,71,2,1,0,75,0
79,79,0,2,1,83,1
49,49,0,0,1,50,0
70,68,2,1,0,68,0
74,73,1,1,0,77,1
56,61,-5,0,2,53,0
73,75,-2,1,2,74,0
65,64,1,1,0,64,0
68,66,2,1,0,70,0
99,97,2,2,0,103,1
83,83,0,2,1,89,1
61,61,0,1,1,65,0
82,85,-3,2,2,90,1
85,80,5,2,0,87,1
91,95,-4,2,2,94,1
93,92,1,2,0,94,1
59,60,-1,0,2,56,0
70,72,-2,1,2,68,0
54,58,-4,0,2,54,0
47,48,-1,0,2,46,0
71,75,-4,1,2,76,1
61,62,-1,1,2,67,0
66,71,-5,1,2,68,0
42,41,1,0,0,39,0
38,36,2,0,0,46,0
75,73,2,1,0,78,1
66,69,-3,1,2,74,0
75,72,3,1,0,78,1
55,53,2,0,0,57,0
75,70,5,1,0,76,1
92,90,2,2,0,91,1
57,56,1,0,0,55,0
64,68,-4,1,2,65,0
88,83,5,2,0,95,1
76,81,-5,2,2,82,1
62,67,-5,1,2,70,0
87,85,2,2,0,89,1
35,32,3,0,0,35,0
85,87,-2,2,2,83,1
85,84,1,2,0,85,1
38,35,3,0,0,42,0
62,61,1,1,0,63,0
84,81,3,2,0,82,1
42,37,5,0,0,42,0
79,82,-3,2,2,86,1
59,57,2,0,0,67,0
70,70,0,1,1,76,1
79,83,-4,2,2,82,1
85,85,0,2,1,91,1
90,95,-5,2,2,89,1
73,70,3,1,0,80,1
66,63,3,1,0,71,0
67,62,5,1,0,64,0
43,43,0,0,1,48,0
52,47,5,0,0,60,0
42,44,-2,0,2,45,0
35,35,0,0,1,33,0
81,79,2,2,0,85,1
90,88,2,2,0,94,1
63,65,-2,1,2,71,0
86,89,-3,2,2,88,1
69,68,1,1,0,68,0
34,30,4,0,0,34,0
91,90,1,2,0,95,1
36,36,0,0,1,37,0
97,101,-4,2,2,103,1
34,38,-4,0,2,40,0
44,39,5,0,0,49,0
82,79,3,2,0,87,1
38,37,1,0,0,40,0
51,46,5,0,0,54,0
78,80,-2,2,2,75,0
83,85,-2,2,2,80,1
36,34,2,0,0,44,0
74,69,5,1,0,79,1
40,43,-3,0,2,48,0
79,80,-1,2,2,76,1
64,69,-5,1,2,63,0
93,95,-2,2,2,96,1
57,58,-1,0,2,58,0
46,44,2,0,0,46,0
87,88,-1,2,2,85,1
90,95,-5,2,2,95,1
63,63,0,1,1,60,0
49,46,3,0,0,56,0
98,97,1,2,0,95,1
46,43,3,0,0,45,0
30,25,5,0,0,32,0
88,88,0,2,1,85,1
52,48,4,0,0,51,0
48,51,-3,0,2,56,0
97,99,-2,2,2,96,1
71,66,5,1,0,76,1
97,95,2,2,0,99,1
91,90,1,2,0,94,1
79,81,-2,2,2,85,1
55,55,0,0,1,54,0
38,40,-2,0,2,44,0
79,79,0,2,1,76,1
51,47,4,0,0,48,0
59,57,2,0,0,60,0
51,55,-4,0,2,49,0
77,74,3,2,0,76,1
83,79,4,2,0,84,1
55,59,-4,0,2,59,0
39,38,1,0,0,46,0
83,81,2,2,0,86,1
44,49,-5,0,2,45,0
47,47,0,0,1,50,0
91,90,1,2,0,90,1
68,69,-1,1,2,72,0
93,91,2,2,0,96,1
99,103,-4,2,2,101,1
42,37,5,0,0,47,0
92,96,-4,2,2,89,1
58,59,-1,0,2,65,0
93,91,2,2,0,96,1
63,62,1,1,0,60,0
42,41,1,0,0,44,0
74,78,-4,1,2,73,0
94,90,4,2,0,95,1
34,37,-3,0,2,35,0
53,57,-4,0,2,54,0
83,79,4,2,0,87,1
89,86,3,2,0,96,1
52,52,0,0,1,52,0
63,61,2,1,0,65,0
57,60,-3,0,2,60,0
71,70,1,1,0,73,0
31,29,2,0,0,28,0
94,94,0,2,1,95,1
89,88,1,2,0,87,1
41,40,1,0,0,40,0
94,89,5,2,0,98,1
91,94,-3,2,2,98,1
37,36,1,0,0,45,0
76,80,-4,2,2,73,0
68,73,-5,1,2,70,0
40,36,4,0,0,47,0
84,86,-2,2,2,81,1
46,48,-2,0,2,47,0
89,88,1,2,0,89,1
39,44,-5,0,2,46,0
55,54,1,0,0,53,0
77,72,5,2,0,75,0
89,85,4,2,0,95,1
98,94,4,2,0,96,1
50,48,2,0,0,52,0
32,30,2,0,0,37,0
31,35,-4,0,2,34,0
71,75,-4,1,2,77,1
49,54,-5,0,2,49,0
74,69,5,1,0,80,1
76,77,-1,2,2,81,1
78,79,-1,2,2,76,1
99,103,-4,2,2,98,1
69,74,-5,1,2,77,1
71,76,-5,1,2,78,1
94,95,-1,2,2,94,1
36,37,-1,0,2,40,0
57,52,5,0,0,54,0
49,52,-3,0,2,50,0
44,47,-3,0,2,48,0
42,45,-3,0,2,39,0
60,57,3,0,0,62,0
55,60,-5,0,2,59,0
63,60,3,1,0,67,0
42,43,-1,0,2,47,0
30,27,3,0,0,30,0
92,94,-2,2,2,98,1
57,54,3,0,0,59,0
56,54,2,0,0,64,0
91,93,-2,2,2,90,1
75,80,-5,1,2,81,1
44,43,1,0,0,44,0
43,41,2,0,0,42,0
96,96,0,2,1,95,1
83,84,-1,2,2,89,1
62,65,-3,1,2,61,0
61,56,5,1,0,63,0
53,56,-3,0,2,52,0
99,97,2,2,0,101,1
73,69,4,1,0,72,0
97,102,-5,2,2,101,1
65,65,0,1,1,72,0
48,43,5,0,0,56,0
40,40,0,0,1,48,0
70,67,3,1,0,76,1
32,35,-3,0,2,32,0
57,56,1,0,0,56,0
71,69,2,1,0,78,1
69,69,0,1,1,69,0
40,35,5,0,0,41,0
42,42,0,0,1,41,0
76,76,0,2,1,84,1
50,54,-4,0,2,58,0
66,67,-1,1,2,71,0
89,88,1,2,0,97,1
58,61,-3,0,2,64,0
67,70,-3,1,2,74,0
44,39,5,0,0,43,0
39,37,2,0,0,36,0
40,41,-1,0,2,41,0
93,89,4,2,0,91,1
55,53,2,0,0,56,0
36,35,1,0,0,37,0
85,82,3,2,0,85,1
77,75,2,2,0,74,0
65,65,0,1,1,65,0
67,68,-1,1,2,72,0
77,73,4,2,0,82,1
65,67,-2,1,2,73,0
85,81,4,2,0,85,1
42,46,-4,0,2,39,0
50,50,0,0,1,55,0
98,98,0,2,1,100,1
96,98,-2,2,2,93,1
65,70,-5,1,2,66,0
56,51,5,0,0,60,0
91,87,4,2,0,89,1
41,41,0,0,1,38,0
36,31,5,0,0,36,0
66,66,0,1,1,73,0
30,27,3,0,0,36,0
81,79,2,2,0,82,1
85,90,-5,2,2,89,1
88,83,5,2,0,88,1
47,42,5,0,0,49,0
45,49,-4,0,2,46,0
32,27,5,0,0,34,0
99,102,-3,2,2,102,1
79,79,0,2,1,83,1
76,81,-5,2,2,83,1
58,55,3,0,0,59,0
34,35,-1,0,2,36,0
31,31,0,0,1,38,0
33,31,2,0,0,40,0
38,36,2,0,0,37,0
77,72,5,2,0,84,1
30,27,3,0,0,31,0
45,48,-3,0,2,52,0
84,89,-5,2,2,90,1
57,58,-1,0,2,63,0
89,84,5,2,0,97,1
51,49,2,0,0,57,0
78,74,4,2,0,85,1
68,71,-3,1,2,73,0
67,68,-1,1,2,71,0
53,56,-3,0,2,51,0
95,96,-1,2,2,101,1
77,76,1,2,0,81,1
71,69,2,1,0,79,1
37,33,4,0,0,45,0
72,75,-3,1,2,79,1
92,97,-5,2,2,91,1
56,53,3,0,0,59,0
68,73,-5,1,2,71,0
100,102,-2,2,2,103,1
96,92,4,2,0,94,1
100,101,-1,2,2,101,1
86,81,5,2,0,90,1
56,56,0,0,1,53,0
33,31,2,0,0,36,0
77,80,-3,2,2,83,1
32,27,5,0,0,31,0
57,62,-5,0,2,63,0
78,78,0,2,1,75,0
50,52,-2,0,2,51,0
83,80,3,2,0,83,1
78,74,4,2,0,81,1
58,61,-3,0,2,56,0
45,45,0,0,1,47,0
74,73,1,1,0,75,0
85,84,1,2,0,83,1
61,66,-5,1,2,66,0
89,84,5,2,0,90,1
57,53,4,0,0,57,0
63,64,-1,1,2,61,0
89,88,1,2,0,96,1
86,83,3,2,0,93,1
83,88,-5,2,2,85,1
66,68,-2,1,2,74,0
83,83,0,2,1,81,1
92,91,1,2,0,92,1
42,39,3,0,0,48,0
82,84,-2,2,2,87,1
65,63,2,1,0,69,0
51,46,5,0,0,55,0
89,85,4,2,0,94,1
60,61,-1,0,2,67,0
62,66,-4,1,2,68,0
50,52,-2,0,2,47,0
33,35,-2,0,2,39,0
33,38,-5,0,2,38,0
59,62,-3,0,2,59,0
98,97,1,2,0,100,1
77,82,-5,2,2,80,1
89,89,0,2,1,96,1
34,33,1,0,0,33,0
94,91,3,2,0,92,1
74,70,4,1,0,73,0
53,49,4,0,0,58,0
77,80,-3,2,2,79,1
100,102,-2,2,2,101,1
69,71,-2,1,2,69,0
98,98,0,2,1,106,1
98,103,-5,2,2,101,1
31,26,5,0,0,34,0
50,48,2,0,0,51,0
83,88,-5,2,2,84,1
67,66,1,1,0,65,0
94,94,0,2,1,93,1
73,68,5,1,0,71,0
90,85,5,2,0,90,1
39,43,-4,0,2,36,0
91,93,-2,2,2,97,1
42,41,1,0,0,49,0
82,78,4,2,0,90,1
73,77,-4,1,2,74,0
86,83,3,2,0,84,1
87,89,-2,2,2,86,1
77,82,-5,2,2,76,1
38,37,1,0,0,37,0
65,64,1,1,0,68,0
73,77,-4,1,2,81,1
92,93,-1,2,2,95,1
69,72,-3,1,2,66,0
96,91,5,2,0,94,1
79,83,-4,2,2,80,1
71,73,-2,1,2,77,1
34,38,-4,0,2,35,0
87,89,-2,2,2,91,1
60,61,-1,0,2,67,0
62,58,4,1,0,68,0
69,74,-5,1,2,76,1
44,48,-4,0,2,41,0
40,39,1,0,0,38,0
94,94,0,2,1,96,1
47,52,-5,0,2,53,0
87,88,-1,2,2,89,1
96,93,3,2,0,103,1
47,43,4,0,0,49,0
89,87,2,2,0,96,1
97,97,0,2,1,101,1
69,65,4,1,0,67,0
69,69,0,1,1,67,0
59,55,4,0,0,60,0
91,87,4,2,0,95,1
42,39,3,0,0,42,0
68,66,2,1,0,70,0
63,62,1,1,0,68,0
34,38,-4,0,2,34,0
80,82,-2,2,2,86,1
68,64,4,1,0,72,0
74,72,2,1,0,75,0
57,56,1,0,0,64,0
56,61,-5,0,2,54,0
91,91,0,2,1,97,1
53,52,1,0,0,61,0
50,53,-3,0,2,55,0
42,43,-1,0,2,41,0
61,64,-3,1,2,60,0
43,43,0,0,1,40,0
97,95,2,2,0,96,1
93,94,-1,2,2,91,1
95,90,5,2,0,98,1
96,97,-1,2,2,95,1
67,63,4,1,0,66,0
69,73,-4,1,2,68,0
53,51,2,0,0,50,0
69,65,4,1,0,67,0
73,72,1,1,0,75,0
95,96,-1,2,2,98,1
64,69,-5,1,2,67,0
82,83,-1,2,2,85,1
37,33,4,0,0,38,0
53,49,4,0,0,59,0
82,81,1,2,0,88,1
96,100,-4,2,2,98,1
50,47,3,0,0,56,0
65,60,5,1,0,64,0
71,66,5,1,0,68,0
89,89,0,2,1,88,1
99,102,-3,2,2,106,1
55,55,0,0,1,56,0
31,26,5,0,0,34,0
49,53,-4,0,2,52,0
42,47,-5,0,2,42,0
43,45,-2,0,2,51,0
42,45,-3,0,2,48,0
76,79,-3,2,2,73,0
53,58,-5,0,2,52,0
43,46,-3,0,2,41,0
55,58,-3,0,2,54,0
69,71,-2,1,2,69,0
80,75,5,2,0,77,1
62,61,1,1,0,63,0
81,79,2,2,0,88,1
56,56,0,0,1,64,0
39,37,2,0,0,37,0
38,43,-5,0,2,40,0
87,91,-4,2,2,88,1
35,36,-1,0,2,34,0
65,64,1,1,0,65,0
54,49,5,0,0,62,0
43,39,4,0,0,41,0
34,32,2,0,0,35,0
86,82,4,2,0,88,1
45,47,-2,0,2,53,0
32,33,-1,0,2,34,0
48,52,-4,0,2,51,0
72,73,-1,1,2,77,1
32,30,2,0,0,34,0
97,94,3,2,0,98,1
92,88,4,2,0,94,1
100,101,-1,2,2,98,1
33,37,-4,0,2,32,0
73,76,-3,1,2,73,0
91,96,-5,2,2,88,1
45,42,3,0,0,50,0
82,79,3,2,0,89,1
38,37,1,0,0,43,0
44,48,-4,0,2,51,0
40,38,2,0,0,43,0
35,36,-1,0,2,35,0
68,71,-3,1,2,72,0
63,60,3,1,0,64,0
48,47,1,0,0,46,0
69,68,1,1,0,77,1
66,63,3,1,0,72,0
49,46,3,0,0,57,0
79,81,-2,2,2,84,1
65,66,-1,1,2,72,0
61,66,-5,1,2,58,0
38,40,-2,0,2,36,0
61,58,3,1,0,61,0
67,72,-5,1,2,75,0
34,37,-3,0,2,34,0
94,91,3,2,0,98,1
33,37,-4,0,2,38,0
97,94,3,2,0,103,1
36,32,4,0,0,36,0
72,69,3,1,0,72,0
43,47,-4,0,2,47,0
56,52,4,0,0,57,0
100,97,3,2,0,99,1
33,29,4,0,0,33,0
45,48,-3,0,2,45,0
80,84,-4,2,2,86,1
73,70,3,1,0,70,0
31,29,2,0,0,34,0
57,62,-5,0,2,58,0
51,52,-1,0,2,51,0
42,47,-5,0,2,45,0
93,96,-3,2,2,99,1
75,77,-2,1,2,81,1
92,97,-5,2,2,93,1
84,87,-3,2,2,89,1
100,97,3,2,0,102,1
55,56,-1,0,2,63,0
100,100,0,2,1,101,1
43,47,-4,0,2,47,0
99,100,-1,2,2,100,1
62,59,3,1,0,64,0
66,67,-1,1,2,70,0
42,40,2,0,0,49,0
87,91,-4,2,2,92,1
67,67,0,1,1,65,0
54,50,4,0,0,61,0
62,60,2,1,0,60,0
59,64,-5,0,2,63,0
63,63,0,1,1,65,0
98,96,2,2,0,97,1
42,38,4,0,0,42,0
68,67,1,1,0,76,1
85,89,-4,2,2,92,1
57,61,-4,0,2,57,0
45,41,4,0,0,50,0
55,52,3,0,0,55,0
38,41,-3,0,2,46,0
86,86,0,2,1,85,1
86,86,0,2,1,86,1
45,47,-2,0,2,49,0
52,57,-5,0,2,54,0
59,56,3,0,0,65,0
51,56,-5,0,2,59,0
44,48,-4,0,2,45,0
69,74,-5,1,2,74,0
87,82,5,2,0,86,1
45,49,-4,0,2,42,0
70,72,-2,1,2,78,1
62,67,-5,1,2,65,0
52,51,1,0,0,58,0
59,56,3,0,0,62,0
74,79,-5,1,2,82,1
61,59,2,1,0,65,0
42,40,2,0,0,42,0
85,86,-1,2,2,85,1
83,87,-4,2,2,91,1
79,83,-4,2,2,84,1
55,58,-3,0,2,61,0
90,89,1,2,0,91,1
70,72,-2,1,2,69,0
78,73,5,2,0,80,1
95,93,2,2,0,97,1
57,58,-1,0,2,55,0
95,96,-1,2,2,93,1
72,67,5,1,0,70,0
44,43,1,0,0,49,0
66,65,1,1,0,66,0
64,68,-4,1,2,65,0
60,59,1,0,0,59,0
97,95,2,2,0,97,1
68,68,0,1,1,71,0
46,49,-3,0,2,48,0
77,80,-3,2,2,80,1
64,69,-5,1,2,70,0
58,58,0,0,1,66,0
46,51,-5,0,2,50,0
86,90,-4,2,2,91,1
90,88,2,2,0,93,1
84,86,-2,2,2,82,1
66,61,5,1,0,73,0
60,57,3,0,0,62,0
73,75,-2,1,2,78,1
51,53,-2,0,2,48,0
75,70,5,1,0,73,0
40,35,5,0,0,44,0
85,85,0,2,1,86,1
50,46,4,0,0,56,0
37,36,1,0,0,41,0
89,87,2,2,0,92,1
63,58,5,1,0,68,0
42,41,1,0,0,50,0
51,48,3,0,0,48,0
56,60,-4,0,2,53,0
55,58,-3,0,2,62,0
98,103,-5,2,2,98,1
59,57,2,0,0,61,0
90,95,-5,2,2,98,1
94,97,-3,2,2,100,1
72,67,5,1,0,76,1
64,63,1,1,0,72,0
80,82,-2,2,2,85,1
80,81,-1,2,2,83,1
49,47,2,0,0,49,0
63,59,4,1,0,65,0
63,66,-3,1,2,60,0
34,31,3,0,0,32,0
84,85,-1,2,2,82,1
74,74,0,1,1,74,0
42,44,-2,0,2,40,0
76,75,1,2,0,75,0
74,75,-1,1,2,80,1
83,83,0,2,1,83,1
84,83,1,2,0,84,1
63,58,5,1,0,66,0
32,37,-5,0,2,30,0
54,52,2,0,0,56,0
35,40,-5,0,2,33,0
49,52,-3,0,2,46,0
69,68,1,1,0,69,0
61,58,3,1,0,68,0
81,86,-5,2,2,87,1
92,97,-5,2,2,89,1
78,80,-2,2,2,75,0
52,56,-4,0,2,56,0
42,41,1,0,0,47,0
91,91,0,2,1,91,1
81,80,1,2,0,86,1
64,67,-3,1,2,62,0
62,67,-5,1,2,61,0
44,39,5,0,0,49,0
95,94,1,2,0,92,1
47,47,0,0,1,54,0
61,62,-1,1,2,65,0
56,60,-4,0,2,53,0
68,68,0,1,1,72,0
42,40,2,0,0,40,0
85,85,0,2,1,90,1
57,56,1,0,0,55,0
93,91,2,2,0,98,1
70,72,-2,1,2,78,1
33,30,3,0,0,37,0
75,73,2,1,0,79,1
36,32,4,0,0,38,0
37,36,1,0,0,38,0
73,75,-2,1,2,81,1
79,74,5,2,0,83,1
54,56,-2,0,2,54,0
50,54,-4,0,2,53,0
44,45,-1,0,2,46,0
77,79,-2,2,2,81,1
57,58,-1,0,2,65,0
45,48,-3,0,2,42,0
81,80,1,2,0,79,1
41,44,-3,0,2,43,0
78,80,-2,2,2,75,0
95,93,2,2,0,97,1
54,58,-4,0,2,53,0
99,102,-3,2,2,100,1
44,48,-4,0,2,47,0
67,65,2,1,0,65,0
68,64,4,1,0,76,1
46,45,1,0,0,48,0
68,70,-2,1,2,67,0
80,82,-2,2,2,85,1
42,46,-4,0,2,43,0
94,96,-2,2,2,92,1
37,39,-2,0,2,38,0
72,74,-2,1,2,73,0
56,59,-3,0,2,59,0
79,82,-3,2,2,86,1
80,76,4,2,0,81,1
70,68,2,1,0,77,1
81,80,1,2,0,78,1
67,65,2,1,0,70,0
95,94,1,2,0,97,1
62,66,-4,1,2,65,0
32,33,-1,0,2,36,0
74,72,2,1,0,76,1
58,62,-4,0,2,63,0
79,84,-5,2,2,87,1
49,51,-2,0,2,50,0
66,64,2,1,0,73,0
76,71,5,2,0,75,0
35,38,-3,0,2,33,0
94,91,3,2,0,101,1
36,32,4,0,0,44,0
65,68,-3,1,2,67,0
54,51,3,0,0,54,0
66,61,5,1,0,71,0
95,99,-4,2,2,96,1
53,54,-1,0,2,61,0
89,86,3,2,0,87,1
85,85,0,2,1,92,1
42,41,1,0,0,39,0
74,79,-5,1,2,81,1
99,101,-2,2,2,98,1
92,93,-1,2,2,97,1
41,36,5,0,0,47,0
98,94,4,2,0,99,1
56,52,4,0,0,63,0
78,74,4,2,0,79,1
30,30,0,0,1,38,0
87,86,1,2,0,84,1
55,57,-2,0,2,60,0
62,59,3,1,0,66,0
98,98,0,2,1,101,1
59,59,0,0,1,62,0
40,40,0,0,1,47,0
41,41,0,0,1,39,0
82,85,-3,2,2,85,1
65,70,-5,1,2,73,0
51,51,0,0,1,54,0
44,39,5,0,0,48,0
96,96,0,2,1,102,1
95,92,3,2,0,93,1
80,76,4,2,0,88,1
41,45,-4,0,2,46,0
77,82,-5,2,2,78,1
85,83,2,2,0,92,1
53,57,-4,0,2,57,0
62,61,1,1,0,64,0
82,87,-5,2,2,79,1
89,88,1,2,0,95,1
94,91,3,2,0,94,1
50,54,-4,0,2,58,0
42,40,2,0,0,40,0
54,58,-4,0,2,56,0
59,59,0,0,1,65,0
70,67,3,1,0,76,1
65,70,-5,1,2,63,0
45,43,2,0,0,51,0
43,47,-4,0,2,43,0
94,93,1,2,0,94,1
69,66,3,1,0,77,1
54,57,-3,0,2,55,0
55,53,2,0,0,57,0
67,69,-2,1,2,70,0
59,57,2,0,0,58,0
64,62,2,1,0,61,0
62,62,0,1,1,68,0
86,88,-2,2,2,88,1
45,46,-1,0,2,53,0
35,32,3,0,0,43,0
32,27,5,0,0,31,0
43,47,-4,0,2,43,0
55,58,-3,0,2,63,0
31,36,-5,0,2,30,0
39,39,0,0,1,44,0
72,73,-1,1,2,71,0
89,88,1,2,0,90,1
47,48,-1,0,2,51,0
80,77,3,2,0,85,1
53,51,2,0,0,57,0
67,64,3,1,0,71,0
88,93,-5,2,2,86,1
52,52,0,0,1,59,0
69,66,3,1,0,72,0
49,54,-5,0,2,49,0
97,95,2,2,0,97,1
65,69,-4,1,2,73,0
55,54,1,0,0,55,0
35,38,-3,0,2,38,0
67,70,-3,1,2,67,0
82,79,3,2,0,84,1
88,83,5,2,0,91,1
33,34,-1,0,2,33,0
74,71,3,1,0,81,1
58,62,-4,0,2,60,0
43,41,2,0,0,47,0
88,87,1,2,0,94,1
72,74,-2,1,2,75,0
90,86,4,2,0,92,1
88,88,0,2,1,86,1
85,83,2,2,0,92,1
100,95,5,2,0,105,1
75,72,3,1,0,80,1
47,46,1,0,0,46,0
68,65,3,1,0,74,0
83,83,0,2,1,88,1
38,39,-1,0,2,39,0
68,66,2,1,0,70,0
32,31,1,0,0,36,0
62,61,1,1,0,61,0
63,67,-4,1,2,67,0
86,89,-3,2,2,85,1
83,78,5,2,0,89,1
57,60,-3,0,2,64,0
77,79,-2,2,2,82,1
48,53,-5,0,2,47,0
36,35,1,0,0,43,0
98,103,-5,2,2,105,1
87,85,2,2,0,93,1
71,67,4,1,0,69,0
71,74,-3,1,2,71,0
45,46,-1,0,2,44,0
74,74,0,1,1,78,1
52,47,5,0,0,49,0
97,100,-3,2,2,99,1
86,83,3,2,0,89,1
89,86,3,2,0,93,1
84,85,-1,2,2,88,1
84,81,3,2,0,90,1
78,75,3,2,0,81,1
94,95,-1,2,2,98,1
38,38,0,0,1,46,0
74,70,4,1,0,82,1
69,69,0,1,1,76,1
67,69,-2,1,2,74,0
93,97,-4,2,2,92,1
32,27,5,0,0,33,0
59,60,-1,0,2,61,0
89,89,0,2,1,93,1
44,48,-4,0,2,44,0
58,58,0,0,1,66,0
50,55,-5,0,2,55,0
47,44,3,0,0,50,0
66,66,0,1,1,74,0
30,26,4,0,0,29,0
92,93,-1,2,2,95,1
38,38,0,0,1,37,0
84,86,-2,2,2,83,1
91,90,1,2,0,98,1
68,70,-2,1,2,76,1
56,60,-4,0,2,53,0
79,81,-2,2,2,83,1
87,87,0,2,1,89,1
74,71,3,1,0,79,1
38,38,0,0,1,36,0
43,38,5,0,0,45,0
37,39,-2,0,2,38,0
85,80,5,2,0,89,1
75,75,0,1,1,75,0
60,65,-5,0,2,68,0
100,98,2,2,0,105,1
31,36,-5,0,2,31,0
74,75,-1,1,2,80,1
73,78,-5,1,2,74,0
67,70,-3,1,2,75,0
35,37,-2,0,2,34,0
64,60,4,1,0,69,0
35,30,5,0,0,37,0
59,61,-2,0,2,59,0
31,27,4,0,0,31,0
74,70,4,1,0,72,0
38,43,-5,0,2,36,0
61,65,-4,1,2,68,0
83,82,1,2,0,82,1
38,39,-1,0,2,39,0
81,78,3,2,0,85,1
57,59,-2,0,2,57,0
93,97,-4,2,2,98,1
64,66,-2,1,2,67,0
37,35,2,0,0,37,0
44,43,1,0,0,50,0
46,46,0,0,1,48,0
93,97,-4,2,2,97,1
75,76,-1,1,2,76,1
31,33,-2,0,2,39,0
83,78,5,2,0,88,1
65,60,5,1,0,62,0
79,84,-5,2,2,83,1
86,82,4,2,0,94,1
51,48,3,0,0,59,0
48,45,3,0,0,46,0
88,89,-1,2,2,95,1
63,62,1,1,0,70,0
36,37,-1,0,2,36,0
89,91,-2,2,2,95,1
53,49,4,0,0,59,0
39,44,-5,0,2,40,0
31,26,5,0,0,36,0
100,96,4,2,0,104,1
38,38,0,0,1,41,0
100,97,3,2,0,107,1
100,95,5,2,0,104,1
36,39,-3,0,2,36,0
73,72,1,1,0,77,1
36,36,0,0,1,41,0
88,87,1,2,0,92,1
91,89,2,2,0,88,1
74,78,-4,1,2,78,1
89,89,0,2,1,97,1
31,35,-4,0,2,38,0
43,42,1,0,0,44,0
85,84,1,2,0,93,1
33,29,4,0,0,33,0
79,82,-3,2,2,76,1
46,45,1,0,0,47,0
48,47,1,0,0,46,0
78,76,2,2,0,76,1
76,75,1,2,0,83,1
79,76,3,2,0,85,1
85,82,3,2,0,85,1
33,37,-4,0,2,39,0
94,90,4,2,0,94,1
39,34,5,0,0,43,0
63,58,5,1,0,67,0
94,99,-5,2,2,94,1
100,97,3,2,0,101,1
52,47,5,0,0,50,0
86,89,-3,2,2,90,1
40,42,-2,0,2,39,0
46,47,-1,0,2,53,0
37,35,2,0,0,41,0
99,98,1,2,0,104,1
50,47,3,0,0,52,0
71,67,4,1,0,77,1
58,63,-5,0,2,55,0
59,55,4,0,0,60,0
48,49,-1,0,2,49,0
46,44,2,0,0,47,0
82,79,3,2,0,86,1
93,98,-5,2,2,92,1
100,105,-5,2,2,97,1
66,63,3,1,0,68,0
55,59,-4,0,2,62,0
34,35,-1,0,2,42,0
77,77,0,2,1,77,1
73,69,4,1,0,71,0
93,96,-3,2,2,98,1
54,54,0,0,1,60,0
75,72,3,1,0,75,0
88,89,-1,2,2,94,1
51,48,3,0,0,52,0
69,64,5,1,0,66,0
94,90,4,2,0,96,1
89,90,-1,2,2,86,1
51,47,4,0,0,52,0
99,94,5,2,0,105,1
68,67,1,1,0,66,0
60,63,-3,0,2,68,0
67,70,-3,1,2,65,0
81,82,-1,2,2,88,1
54,57,-3,0,2,53,0
51,52,-1,0,2,53,0
84,79,5,2,0,83,1
93,95,-2,2,2,99,1
33,37,-4,0,2,32,0
97,99,-2,2,2,103,1
38,34,4,0,0,40,0
54,56,-2,0,2,59,0
88,85,3,2,0,90,1
48,49,-1,0,2,47,0
66,67,-1,1,2,64,0
75,72,3,1,0,78,1
43,43,0,0,1,44,0
44,46,-2,0,2,48,0
63,61,2,1,0,60,0
98,98,0,2,1,98,1
36,35,1,0,0,34,0
31,35,-4,0,2,36,0
43,44,-1,0,2,50,0
34,29,5,0,0,35,0
65,68,-3,1,2,67,0
63,61,2,1,0,60,0
85,90,-5,2,2,91,1
47,45,2,0,0,45,0
87,91,-4,2,2,84,1
36,40,-4,0,2,42,0
98,99,-1,2,2,97,1
73,76,-3,1,2,75,0
43,45,-2,0,2,42,0
47,50,-3,0,2,47,0
67,69,-2,1,2,71,0
73,76,-3,1,2,72,0
97,102,-5,2,2,95,1
42,38,4,0,0,40,0
59,62,-3,0,2,61,0
77,82,-5,2,2,82,1
48,47,1,0,0,53,0
48,46,2,0,0,53,0
71,70,1,1,0,71,0
33,33,0,0,1,33,0
34,31,3,0,0,42,0
90,85,5,2,0,93,1
42,40,2,0,0,47,0
73,77,-4,1,2,79,1
100,104,-4,2,2,108,1
43,47,-4,0,2,41,0
60,62,-2,0,2,57,0
64,63,1,1,0,70,0
90,92,-2,2,2,93,1
96,94,2,2,0,100,1
88,87,1,2,0,86,1
35,31,4,0,0,35,0
61,57,4,1,0,62,0
38,33,5,0,0,41,0
78,82,-4,2,2,77,1
40,44,-4,0,2,47,0
64,60,4,1,0,71,0
60,57,3,0,0,60,0
54,49,5,0,0,53,0
30,25,5,0,0,31,0
71,75,-4,1,2,71,0
95,99,-4,2,2,94,1
34,36,-2,0,2,32,0
91,87,4,2,0,89,1
67,66,1,1,0,75,0
51,46,5,0,0,50,0
65,61,4,1,0,69,0
81,83,-2,2,2,89,1
87,89,-2,2,2,89,1
38,39,-1,0,2,46,0
90,86,4,2,0,94,1
85,87,-2,2,2,92,1
87,84,3,2,0,92,1
98,98,0,2,1,99,1
37,34,3,0,0,37,0
36,34,2,0,0,35,0
44,45,-1,0,2,43,0
68,68,0,1,1,75,0
86,91,-5,2,2,92,1
48,43,5,0,0,54,0
96,99,-3,2,2,94,1
54,49,5,0,0,54,0
87,87,0,2,1,85,1
39,40,-1,0,2,42,0
58,54,4,0,0,61,0
79,78,1,2,0,79,1
96,97,-1,2,2,97,1
31,33,-2,0,2,28,0
86,91,-5,2,2,88,1
36,39,-3,0,2,44,0
92,97,-5,2,2,95,1
55,55,0,0,1,63,0
43,43,0,0,1,51,0
67,62,5,1,0,73,0
81,79,2,2,0,86,1
63,62,1,1,0,68,0
66,71,-5,1,2,68,0
61,59,2,1,0,58,0
47,52,-5,0,2,48,0
65,70,-5,1,2,68,0
69,70,-1,1,2,67,0
53,58,-5,0,2,56,0
51,52,-1,0,2,49,0
54,55,-1,0,2,55,0
95,90,5,2,0,92,1
61,62,-1,1,2,61,0
73,76,-3,1,2,71,0
43,45,-2,0,2,41,0
65,68,-3,1,2,70,0
100,95,5,2,0,108,1
64,62,2,1,0,69,0
65,66,-1,1,2,69,0
32,36,-4,0,2,31,0
57,56,1,0,0,61,0
36,33,3,0,0,44,0
43,46,-3,0,2,42,0
37,38,-1,0,2,36,0
92,94,-2,2,2,92,1
53,53,0,0,1,56,0
86,86,0,2,1,85,1
58,61,-3,0,2,65,0
32,28,4,0,0,30,0
77,72,5,2,0,83,1
62,64,-2,1,2,61,0
98,95,3,2,0,106,1
42,40,2,0,0,50,0
86,87,-1,2,2,90,1
50,53,-3,0,2,51,0
89,92,-3,2,2,90,1
35,32,3,0,0,32,0
87,87,0,2,1,84,1
63,61,2,1,0,70,0
32,28,4,0,0,34,0
35,37,-2,0,2,36,0
31,27,4,0,0,37,0
85,81,4,2,0,88,1
99,98,1,2,0,107,1
59,60,-1,0,2,62,0
78,82,-4,2,2,83,1
73,76,-3,1,2,75,0
60,59,1,0,0,65,0
50,52,-2,0,2,57,0
73,77,-4,1,2,72,0
77,78,-1,2,2,84,1
58,62,-4,0,2,58,0
65,64,1,1,0,73,0
96,92,4,2,0,100,1
43,48,-5,0,2,44,0
80,76,4,2,0,77,1
84,83,1,2,0,92,1
39,35,4,0,0,45,0
40,40,0,0,1,45,0
48,45,3,0,0,48,0
82,81,1,2,0,84,1
37,35,2,0,0,41,0
77,73,4,2,0,79,1
84,81,3,2,0,90,1
91,93,-2,2,2,92,1
37,42,-5,0,2,45,0
99,101,-2,2,2,100,1
34,38,-4,0,2,38,0
76,80,-4,2,2,76,1
57,58,-1,0,2,54,0
75,76,-1,1,2,77,1
85,82,3,2,0,93,1
45,45,0,0,1,46,0
41,43,-2,0,2,39,0
63,62,1,1,0,64,0
93,92,1,2,0,100,1
46,47,-1,0,2,44,0
69,72,-3,1,2,66,0
90,94,-4,2,2,96,1
35,33,2,0,0,38,0
87,85,2,2,0,86,1
58,57,1,0,0,64,0
78,83,-5,2,2,81,1
58,53,5,0,0,57,0
80,81,-1,2,2,87,1
35,38,-3,0,2,36,0
38,41,-3,0,2,46,0
67,62,5,1,0,68,0
50,45,5,0,0,52,0
67,72,-5,1,2,74,0
68,67,1,1,0,69,0
30,27,3,0,0,37,0
37,38,-1,0,2,36,0
37,42,-5,0,2,36,0
88,87,1,2,0,88,1
84,79,5,2,0,85,1
83,82,1,2,0,89,1
45,44,1,0,0,48,0
56,55,1,0,0,55,0
57,60,-3,0,2,60,0
91,95,-4,2,2,89,1
80,82,-2,2,2,82,1
90,88,2,2,0,96,1
87,86,1,2,0,87,1
79,81,-2,2,2,81,1
51,52,-1,0,2,52,0
95,93,2,2,0,96,1
72,76,-4,1,2,75,0
93,90,3,2,0,98,1
36,33,3,0,0,38,0
94,98,-4,2,2,94,1
61,63,-2,1,2,59,0
93,95,-2,2,2,98,1
78,76,2,2,0,86,1
92,93,-1,2,2,95,1
61,59,2,1,0,62,0
45,43,2,0,0,51,0
56,54,2,0,0,61,0
47,50,-3,0,2,44,0
81,82,-1,2,2,88,1
95,100,-5,2,2,93,1
60,61,-1,0,2,65,0
63,66,-3,1,2,66,0
88,91,-3,2,2,85,1
75,75,0,1,1,74,0
30,32,-2,0,2,27,0
46,50,-4,0,2,52,0
37,41,-4,0,2,44,0
47,42,5,0,0,54,0
45,41,4,0,0,51,0
51,46,5,0,0,51,0
80,85,-5,2,2,87,1
96,93,3,2,0,97,1
90,90,0,2,1,91,1
94,90,4,2,0,91,1
33,36,-3,0,2,40,0
89,88,1,2,0,96,1
60,59,1,0,0,64,0
87,86,1,2,0,93,1
33,28,5,0,0,35,0
32,35,-3,0,2,34,0
62,67,-5,1,2,63,0
55,53,2,0,0,53,0
67,63,4,1,0,73,0
66,62,4,1,0,74,0
41,43,-2,0,2,38,0
43,46,-3,0,2,51,0
73,77,-4,1,2,71,0
88,93,-5,2,2,94,1
47,47,0,0,1,46,0
87,88,-1,2,2,84,1
90,92,-2,2,2,95,1
60,64,-4,0,2,59,0
82,78,4,2,0,84,1
52,54,-2,0,2,55,0
44,40,4,0,0,43,0
49,47,2,0,0,54,0
68,66,2,1,0,72,0
47,44,3,0,0,49,0
56,58,-2,0,2,57,0
87,88,-1,2,2,90,1
36,33,3,0,0,36,0
39,35,4,0,0,39,0
53,50,3,0,0,50,0
46,44,2,0,0,53,0
36,33,3,0,0,43,0
41,42,-1,0,2,40,0
39,44,-5,0,2,46,0
81,81,0,2,1,79,1
58,57,1,0,0,62,0
90,92,-2,2,2,97,1
97,98,-1,2,2,105,1
70,69,1,1,0,68,0
94,94,0,2,1,92,1
77,79,-2,2,2,79,1
66,61,5,1,0,68,0
34,38,-4,0,2,37,0
96,101,-5,2,2,100,1
53,56,-3,0,2,56,0
